grupo,idioma,ruta_unificada,canonical,sha256,zip_origen,ruta_original
01_HOME,ca,PAGINAS/01_HOME/cat/index.html,https://rentalscooterbarcelona.com/cat/,d58b5796bae731b8a8f06a2cb69811063f26e3c5140b2cefc0530231922ae3b0,RSB_HTML_SOLO_4_DIRECTORIOS_SIN_YANDEX(2).zip,RSB_01_HOME_CORREGIDO_FINAL_VALIDATOR_FIXED(2)(4)/RSB_01_HOME_CORREGIDO_FINAL_VALIDATOR_FIXED(2)/RSB_01_HOME_CORREGIDO_FINAL_VALIDATOR_FIXED(2)/cat/index.html
01_HOME,de,PAGINAS/01_HOME/de/index.html,https://rentalscooterbarcelona.com/de/,c2d621aba88b8a19d8b2662b6428800a3722947e192ad43f50a581e2c0260d9b,RSB_HTML_SOLO_4_DIRECTORIOS_SIN_YANDEX(2).zip,RSB_01_HOME_CORREGIDO_FINAL_VALIDATOR_FIXED(2)(4)/RSB_01_HOME_CORREGIDO_FINAL_VALIDATOR_FIXED(2)/RSB_01_HOME_CORREGIDO_FINAL_VALIDATOR_FIXED(2)/de/index.html
01_HOME,en,PAGINAS/01_HOME/en/index.html,https://rentalscooterbarcelona.com/,8c5d21e348d400d75c21452ae69f28b3edd96e32a6f068325c197927475790ac,RSB_HTML_SOLO_4_DIRECTORIOS_SIN_YANDEX(2).zip,RSB_01_HOME_CORREGIDO_FINAL_VALIDATOR_FIXED(2)(4)/RSB_01_HOME_CORREGIDO_FINAL_VALIDATOR_FIXED(2)/RSB_01_HOME_CORREGIDO_FINAL_VALIDATOR_FIXED(2)/index.html
01_HOME,es,PAGINAS/01_HOME/es/index.html,https://rentalscooterbarcelona.com/es/,69ab90fdd158968ed4e5172fc7097f02010eec4d6544968478f4bff55942310f,RSB_HTML_SOLO_4_DIRECTORIOS_SIN_YANDEX(2).zip,RSB_01_HOME_CORREGIDO_FINAL_VALIDATOR_FIXED(2)(4)/RSB_01_HOME_CORREGIDO_FINAL_VALIDATOR_FIXED(2)/RSB_01_HOME_CORREGIDO_FINAL_VALIDATOR_FIXED(2)/es/index.html
01_HOME,fr,PAGINAS/01_HOME/fr/index.html,https://rentalscooterbarcelona.com/fr/,89cc3119cf7e272c79fe4a8c0a7c16bc9d204fbace473745c24f7c3f3974fc45,RSB_HTML_SOLO_4_DIRECTORIOS_SIN_YANDEX(2).zip,RSB_01_HOME_CORREGIDO_FINAL_VALIDATOR_FIXED(2)(4)/RSB_01_HOME_CORREGIDO_FINAL_VALIDATOR_FIXED(2)/RSB_01_HOME_CORREGIDO_FINAL_VALIDATOR_FIXED(2)/fr/index.html
01_HOME,it,PAGINAS/01_HOME/it/index.html,https://rentalscooterbarcelona.com/it/,4d9499cb3d21da40b86753d1006122c6dfac56a7082f343a080310b4bf983950,RSB_HTML_SOLO_4_DIRECTORIOS_SIN_YANDEX(2).zip,RSB_01_HOME_CORREGIDO_FINAL_VALIDATOR_FIXED(2)(4)/RSB_01_HOME_CORREGIDO_FINAL_VALIDATOR_FIXED(2)/RSB_01_HOME_CORREGIDO_FINAL_VALIDATOR_FIXED(2)/it/index.html
01_HOME,nl,PAGINAS/01_HOME/nl/index.html,https://rentalscooterbarcelona.com/nl/,4faddcd800a8f8f9ebe1f8bfad581ddcd8704fe17afe5693e1e8d4d439f4b726,RSB_HTML_SOLO_4_DIRECTORIOS_SIN_YANDEX(2).zip,RSB_01_HOME_CORREGIDO_FINAL_VALIDATOR_FIXED(2)(4)/RSB_01_HOME_CORREGIDO_FINAL_VALIDATOR_FIXED(2)/RSB_01_HOME_CORREGIDO_FINAL_VALIDATOR_FIXED(2)/nl/index.html
01_HOME,pl,PAGINAS/01_HOME/pl/index.html,https://rentalscooterbarcelona.com/pl/,1126230d6f8652114c2f6403373f83545694ac414475356ed3bba3c4827fe13a,RSB_HTML_SOLO_4_DIRECTORIOS_SIN_YANDEX(2).zip,RSB_01_HOME_CORREGIDO_FINAL_VALIDATOR_FIXED(2)(4)/RSB_01_HOME_CORREGIDO_FINAL_VALIDATOR_FIXED(2)/RSB_01_HOME_CORREGIDO_FINAL_VALIDATOR_FIXED(2)/pl/index.html
01_HOME,pt,PAGINAS/01_HOME/pt/index.html,https://rentalscooterbarcelona.com/pt/,fd88c6da82013dad760497d1dcadefa91b4ef64a9f7984b66b4d0d09f8c5ad7b,RSB_HTML_SOLO_4_DIRECTORIOS_SIN_YANDEX(2).zip,RSB_01_HOME_CORREGIDO_FINAL_VALIDATOR_FIXED(2)(4)/RSB_01_HOME_CORREGIDO_FINAL_VALIDATOR_FIXED(2)/RSB_01_HOME_CORREGIDO_FINAL_VALIDATOR_FIXED(2)/pt/index.html
01_HOME,sv,PAGINAS/01_HOME/sv/index.html,https://rentalscooterbarcelona.com/sv/,e95dfcc440d4aebf5018bcd8f78f673f2a709e9d4afa7f87b8f386a0b8c8f0dc,RSB_HTML_SOLO_4_DIRECTORIOS_SIN_YANDEX(2).zip,RSB_01_HOME_CORREGIDO_FINAL_VALIDATOR_FIXED(2)(4)/RSB_01_HOME_CORREGIDO_FINAL_VALIDATOR_FIXED(2)/RSB_01_HOME_CORREGIDO_FINAL_VALIDATOR_FIXED(2)/sv/index.html
02_PRICES,ca,PAGINAS/02_PRICES/cat/index.html,https://rentalscooterbarcelona.com/cat/Prices/,e4fd7950617972ea18dfadc58ca5fe3478f4e7a824d05d0f947bc879c7abb07f,RSB_HTML_SOLO_4_DIRECTORIOS_SIN_YANDEX(2).zip,RSB_PRICES_PT_PUNTOS_14_15_16_17_18_CORREGIDO(3)(4)/cat/Prices/index.html
02_PRICES,de,PAGINAS/02_PRICES/de/index.html,https://rentalscooterbarcelona.com/de/Prices/,4b8388f9fb08d3363f95d89eaaaf297067ce9e280a3e3f3a3ba63e4e62ff233a,RSB_HTML_SOLO_4_DIRECTORIOS_SIN_YANDEX(2).zip,RSB_PRICES_PT_PUNTOS_14_15_16_17_18_CORREGIDO(3)(4)/de/Prices/index.html
02_PRICES,en,PAGINAS/02_PRICES/en/index.html,https://rentalscooterbarcelona.com/Prices/,c06a02bf0dd31f8caa2bd404b024d758e4c139c791196c87b2ef3d3205493579,RSB_HTML_SOLO_4_DIRECTORIOS_SIN_YANDEX(2).zip,RSB_PRICES_PT_PUNTOS_14_15_16_17_18_CORREGIDO(3)(4)/Prices/index.html
02_PRICES,es,PAGINAS/02_PRICES/es/index.html,https://rentalscooterbarcelona.com/es/Prices/,027bacad6c0cdff172b30bd16167c403976c7b9e283c2dd9cfd91012796fa6cc,RSB_HTML_SOLO_4_DIRECTORIOS_SIN_YANDEX(2).zip,RSB_PRICES_PT_PUNTOS_14_15_16_17_18_CORREGIDO(3)(4)/es/Prices/index.html
02_PRICES,fr,PAGINAS/02_PRICES/fr/index.html,https://rentalscooterbarcelona.com/fr/Prices/,9eb0d5b422bde8f51c7a9f244cfd1cce16d9e9ccb625534c16f1b3cbce8f34df,RSB_HTML_SOLO_4_DIRECTORIOS_SIN_YANDEX(2).zip,RSB_PRICES_PT_PUNTOS_14_15_16_17_18_CORREGIDO(3)(4)/fr/Prices/index.html
02_PRICES,it,PAGINAS/02_PRICES/it/index.html,https://rentalscooterbarcelona.com/it/Prices/,9754fe138cade1d8c01f7823dc3d9e65282b835e910a598b59bf8d5d8b5fec2c,RSB_HTML_SOLO_4_DIRECTORIOS_SIN_YANDEX(2).zip,RSB_PRICES_PT_PUNTOS_14_15_16_17_18_CORREGIDO(3)(4)/it/Prices/index.html
02_PRICES,nl,PAGINAS/02_PRICES/nl/index.html,https://rentalscooterbarcelona.com/nl/Prices/,006d505c457e59fdf789501ff714b8bb4b2df973687a69a3984ebb9de4186c1e,RSB_HTML_SOLO_4_DIRECTORIOS_SIN_YANDEX(2).zip,RSB_PRICES_PT_PUNTOS_14_15_16_17_18_CORREGIDO(3)(4)/nl/Prices/index.html
02_PRICES,pl,PAGINAS/02_PRICES/pl/index.html,https://rentalscooterbarcelona.com/pl/Prices/,d7cd0f48fe0faae38982f21dcb270c4a31c6c1518bae3d0588c1a94827cc6153,RSB_HTML_SOLO_4_DIRECTORIOS_SIN_YANDEX(2).zip,RSB_PRICES_PT_PUNTOS_14_15_16_17_18_CORREGIDO(3)(4)/pl/Prices/index.html
02_PRICES,pt,PAGINAS/02_PRICES/pt/index.html,https://rentalscooterbarcelona.com/pt/Prices/,e0d31ffaca4b400bba32df27434cc59969aa15cddd31fcb1353ca177f1578932,RSB_HTML_SOLO_4_DIRECTORIOS_SIN_YANDEX(2).zip,RSB_PRICES_PT_PUNTOS_14_15_16_17_18_CORREGIDO(3)(4)/pt/Prices/index.html
02_PRICES,sv,PAGINAS/02_PRICES/sv/index.html,https://rentalscooterbarcelona.com/sv/Prices/,5b2510991ab922f59f4e3f19d69926cfe0390984445127c0a41dddf1ea1f7af5,RSB_HTML_SOLO_4_DIRECTORIOS_SIN_YANDEX(2).zip,RSB_PRICES_PT_PUNTOS_14_15_16_17_18_CORREGIDO(3)(4)/sv/Prices/index.html
03_SCOOTER,ca,PAGINAS/03_SCOOTER/cat/index.html,https://rentalscooterbarcelona.com/cat/scooter/,6c34ccbc7467b1dd8a04056a9c987207841b8d6f3070afe5d922b12ffede4818,RSB_HTML_SOLO_4_DIRECTORIOS_SIN_YANDEX(2).zip,SCOOTER-main (1)(1)/SCOOTER-main/cat/scooter/index.html
03_SCOOTER,de,PAGINAS/03_SCOOTER/de/index.html,https://rentalscooterbarcelona.com/de/scooter/,3f3c0ee126d19e43ef10e90b6092c2bb5209bbe40c1d57e27d30ed1ab0a1976a,RSB_HTML_SOLO_4_DIRECTORIOS_SIN_YANDEX(2).zip,SCOOTER-main (1)(1)/SCOOTER-main/de/scooter/index.html
03_SCOOTER,en,PAGINAS/03_SCOOTER/en/index.html,https://rentalscooterbarcelona.com/scooter/,ba138ae5221694e86ad860624e7421f4485c53c2157af3dee423c4024d77cce2,RSB_HTML_SOLO_4_DIRECTORIOS_SIN_YANDEX(2).zip,SCOOTER-main (1)(1)/SCOOTER-main/scooter/index.html
03_SCOOTER,es,PAGINAS/03_SCOOTER/es/index.html,https://rentalscooterbarcelona.com/es/scooter/,f65eb76170abc6e02ae2fdec0a8e648c9e740ce6bf447f4337c51d5416c01ee3,RSB_HTML_SOLO_4_DIRECTORIOS_SIN_YANDEX(2).zip,SCOOTER-main (1)(1)/SCOOTER-main/es/scooter/index.html
03_SCOOTER,fr,PAGINAS/03_SCOOTER/fr/index.html,https://rentalscooterbarcelona.com/fr/scooter/,ca5bf1e7c7954892ea93eb5acc938d92dd4263faf6a0612fbcc7b917ec9f3d91,RSB_HTML_SOLO_4_DIRECTORIOS_SIN_YANDEX(2).zip,SCOOTER-main (1)(1)/SCOOTER-main/fr/scooter/index.html
03_SCOOTER,it,PAGINAS/03_SCOOTER/it/index.html,https://rentalscooterbarcelona.com/it/scooter/,1e64b01482db311f39a4bbf685c8935924c1707548ec387f1661e491abb8ff73,RSB_HTML_SOLO_4_DIRECTORIOS_SIN_YANDEX(2).zip,SCOOTER-main (1)(1)/SCOOTER-main/it/scooter/index.html
03_SCOOTER,nl,PAGINAS/03_SCOOTER/nl/index.html,https://rentalscooterbarcelona.com/nl/scooter/,eaf1e1b9f6e74877bc28df54efc714b3a725bd371785bb52cf348f78aad44a19,RSB_HTML_SOLO_4_DIRECTORIOS_SIN_YANDEX(2).zip,SCOOTER-main (1)(1)/SCOOTER-main/nl/scooter/index.html
03_SCOOTER,pl,PAGINAS/03_SCOOTER/pl/index.html,https://rentalscooterbarcelona.com/pl/scooter/,dd54d7f4dcbcdd94019d25d453fd312e8373ca2f977a0effb1a8f046414aba60,RSB_HTML_SOLO_4_DIRECTORIOS_SIN_YANDEX(2).zip,SCOOTER-main (1)(1)/SCOOTER-main/pl/scooter/index.html
03_SCOOTER,pt,PAGINAS/03_SCOOTER/pt/index.html,https://rentalscooterbarcelona.com/pt/scooter/,ad10a7e9c9d69229f63d4564981ea4b69d5f6296bca00b6c4107c8e87abaf75d,RSB_HTML_SOLO_4_DIRECTORIOS_SIN_YANDEX(2).zip,SCOOTER-main (1)(1)/SCOOTER-main/pt/scooter/index.html
03_SCOOTER,sv,PAGINAS/03_SCOOTER/sv/index.html,https://rentalscooterbarcelona.com/sv/scooter/,4ac68d839ec026bfeb5bc65a5b93b752e6e9287f7b93f46a5d299e8042fa583e,RSB_HTML_SOLO_4_DIRECTORIOS_SIN_YANDEX(2).zip,SCOOTER-main (1)(1)/SCOOTER-main/sv/scooter/index.html
04_BIKE,ca,PAGINAS/04_BIKE/cat/index.html,https://rentalscooterbarcelona.com/cat/bike/,7e29239031cec16bb0723feafc823767ffecf202f1bb6d4bdac0e9780e9e11ab,BIKE_SOLO_HTML_CORREGIDO_3_PUNTOS(2).zip,BIKE/cat/bike/index.html
04_BIKE,de,PAGINAS/04_BIKE/de/index.html,https://rentalscooterbarcelona.com/de/bike/,c0e923be7e4048adb0ddf4db0a8a465f1601fbf5f707b635ada095454b5792ea,BIKE_SOLO_HTML_CORREGIDO_3_PUNTOS(2).zip,BIKE/de/bike/index.html
04_BIKE,en,PAGINAS/04_BIKE/en/index.html,https://rentalscooterbarcelona.com/bike/,1f7904d99b1a26d55ac3cb48dc25841992764a0664e0f232ea98557b414233cc,BIKE_SOLO_HTML_CORREGIDO_3_PUNTOS(2).zip,BIKE/bike/index.html
04_BIKE,es,PAGINAS/04_BIKE/es/index.html,https://rentalscooterbarcelona.com/es/bike/,163d5397ce02a29c40a4da46d2e6fb9b9ea7a65764e84d4b9e923798a28103bc,BIKE_SOLO_HTML_CORREGIDO_3_PUNTOS(2).zip,BIKE/es/bike/index.html
04_BIKE,fr,PAGINAS/04_BIKE/fr/index.html,https://rentalscooterbarcelona.com/fr/bike/,0f3ccf1e42bae63ca2b7e7b5750b090e3f4a51c211be4fca9b13de14dc69d95c,BIKE_SOLO_HTML_CORREGIDO_3_PUNTOS(2).zip,BIKE/fr/bike/index.html
04_BIKE,it,PAGINAS/04_BIKE/it/index.html,https://rentalscooterbarcelona.com/it/bike/,150f22717c9f1aeb8525c455cbec4afde524427d3ac67c2c80929b5714793476,BIKE_SOLO_HTML_CORREGIDO_3_PUNTOS(2).zip,BIKE/it/bike/index.html
04_BIKE,nl,PAGINAS/04_BIKE/nl/index.html,https://rentalscooterbarcelona.com/nl/bike/,7dfe74d99fe7ef5121db426e5944a7914c4fc5b73443e9d0d9ac3adda300fe41,BIKE_SOLO_HTML_CORREGIDO_3_PUNTOS(2).zip,BIKE/nl/bike/index.html
04_BIKE,pl,PAGINAS/04_BIKE/pl/index.html,https://rentalscooterbarcelona.com/pl/bike/,1d06da992081276779472944d9eb4a41bb9442caf730642da19f0bdfdcc16eaf,BIKE_SOLO_HTML_CORREGIDO_3_PUNTOS(2).zip,BIKE/pl/bike/index.html
04_BIKE,pt,PAGINAS/04_BIKE/pt/index.html,https://rentalscooterbarcelona.com/pt/bike/,5d3d2972745dab873084c2b46521d7e23bfaf5193aa4f76a074cdbdb7eebd7df,BIKE_SOLO_HTML_CORREGIDO_3_PUNTOS(2).zip,BIKE/pt/bike/index.html
04_BIKE,sv,PAGINAS/04_BIKE/sv/index.html,https://rentalscooterbarcelona.com/sv/bike/,7dbd628d2cb64e47e33e1c9d85804f670504e9b028ef535b3edfe6e787d26497,BIKE_SOLO_HTML_CORREGIDO_3_PUNTOS(2).zip,BIKE/sv/bike/index.html
05_ROLLERBLADES,ca,PAGINAS/05_ROLLERBLADES/cat/index.html,https://rentalscooterbarcelona.com/cat/rollerblades/,c7bcd02ce33220fb8e2654fc43f4a4aa5f6ed70b284bcc1de18b73f18230b9b1,RSB_HTML_SOLO_4_DIRECTORIOS_SIN_YANDEX(2).zip,RSB_05_ROLLERBLADES_CORREGIDO_GUIAS_FINAL(1)(4)/RSB_05_ROLLERBLADES_CORREGIDO_GUIAS_FINAL(1)/cat/rollerblades/index.html
05_ROLLERBLADES,de,PAGINAS/05_ROLLERBLADES/de/index.html,https://rentalscooterbarcelona.com/de/rollerblades/,ed926e09d62c8cd160f39344866ddad51b9d46b70866d691f5ef8140a522fc8d,RSB_HTML_SOLO_4_DIRECTORIOS_SIN_YANDEX(2).zip,RSB_05_ROLLERBLADES_CORREGIDO_GUIAS_FINAL(1)(4)/RSB_05_ROLLERBLADES_CORREGIDO_GUIAS_FINAL(1)/de/rollerblades/index.html
05_ROLLERBLADES,en,PAGINAS/05_ROLLERBLADES/en/index.html,https://rentalscooterbarcelona.com/rollerblades/,30d4b5e4ff9ccf991797b90fe96cf02bb097dacd12b27f6935107b5ec1969712,RSB_HTML_SOLO_4_DIRECTORIOS_SIN_YANDEX(2).zip,RSB_05_ROLLERBLADES_CORREGIDO_GUIAS_FINAL(1)(4)/RSB_05_ROLLERBLADES_CORREGIDO_GUIAS_FINAL(1)/rollerblades/index.html
05_ROLLERBLADES,es,PAGINAS/05_ROLLERBLADES/es/index.html,https://rentalscooterbarcelona.com/es/rollerblades/,99a9f801f010db7933139933db6d0d964c5452d9f821b32920379de9d9bba9c6,RSB_HTML_SOLO_4_DIRECTORIOS_SIN_YANDEX(2).zip,RSB_05_ROLLERBLADES_CORREGIDO_GUIAS_FINAL(1)(4)/RSB_05_ROLLERBLADES_CORREGIDO_GUIAS_FINAL(1)/es/rollerblades/index.html
05_ROLLERBLADES,fr,PAGINAS/05_ROLLERBLADES/fr/index.html,https://rentalscooterbarcelona.com/fr/rollerblades/,b1704ca4ab31ef0d6e82dd75bd6944af955526e8073cb1ff2bb222402d04f049,RSB_HTML_SOLO_4_DIRECTORIOS_SIN_YANDEX(2).zip,RSB_05_ROLLERBLADES_CORREGIDO_GUIAS_FINAL(1)(4)/RSB_05_ROLLERBLADES_CORREGIDO_GUIAS_FINAL(1)/fr/rollerblades/index.html
05_ROLLERBLADES,it,PAGINAS/05_ROLLERBLADES/it/index.html,https://rentalscooterbarcelona.com/it/rollerblades/,7a6bc18d71f4207cbdd88c9f8660b2d933e707093b89ab5fc836f095b1d66c13,RSB_HTML_SOLO_4_DIRECTORIOS_SIN_YANDEX(2).zip,RSB_05_ROLLERBLADES_CORREGIDO_GUIAS_FINAL(1)(4)/RSB_05_ROLLERBLADES_CORREGIDO_GUIAS_FINAL(1)/it/rollerblades/index.html
05_ROLLERBLADES,nl,PAGINAS/05_ROLLERBLADES/nl/index.html,https://rentalscooterbarcelona.com/nl/rollerblades/,0f78e231283e4d2f33a570e56af190109b5ea12bab85e5f50019ed43a3d4fa6b,RSB_HTML_SOLO_4_DIRECTORIOS_SIN_YANDEX(2).zip,RSB_05_ROLLERBLADES_CORREGIDO_GUIAS_FINAL(1)(4)/RSB_05_ROLLERBLADES_CORREGIDO_GUIAS_FINAL(1)/nl/rollerblades/index.html
05_ROLLERBLADES,pl,PAGINAS/05_ROLLERBLADES/pl/index.html,https://rentalscooterbarcelona.com/pl/rollerblades/,d44cfa107631f4c3cc1c9f0386f474672db2420a6eab46bdfffe96e1ccdd868a,RSB_HTML_SOLO_4_DIRECTORIOS_SIN_YANDEX(2).zip,RSB_05_ROLLERBLADES_CORREGIDO_GUIAS_FINAL(1)(4)/RSB_05_ROLLERBLADES_CORREGIDO_GUIAS_FINAL(1)/pl/rollerblades/index.html
05_ROLLERBLADES,pt,PAGINAS/05_ROLLERBLADES/pt/index.html,https://rentalscooterbarcelona.com/pt/rollerblades/,eb82c60bdca4364f0f763e4a5a909b76dc6e7b241a1955a400c4f036637fa0bc,RSB_HTML_SOLO_4_DIRECTORIOS_SIN_YANDEX(2).zip,RSB_05_ROLLERBLADES_CORREGIDO_GUIAS_FINAL(1)(4)/RSB_05_ROLLERBLADES_CORREGIDO_GUIAS_FINAL(1)/pt/rollerblades/index.html
05_ROLLERBLADES,sv,PAGINAS/05_ROLLERBLADES/sv/index.html,https://rentalscooterbarcelona.com/sv/rollerblades/,2a872eafda34f391375c57ac9d8bdfa076cc013513cc93fa2eafdcc472307cad,RSB_HTML_SOLO_4_DIRECTORIOS_SIN_YANDEX(2).zip,RSB_05_ROLLERBLADES_CORREGIDO_GUIAS_FINAL(1)(4)/RSB_05_ROLLERBLADES_CORREGIDO_GUIAS_FINAL(1)/sv/rollerblades/index.html
06_QUADS,ca,PAGINAS/06_QUADS/cat/index.html,https://rentalscooterbarcelona.com/cat/quads/,da2ab52cbf9ea781e1b3bb0eb3e25a46004df96b8d87af9b0852fe814fbad1ce,RSB_QUADS_CORREGIDO_3_PUNTOS_VERIFICADOS(2).zip,cat/quads/index.html
06_QUADS,de,PAGINAS/06_QUADS/de/index.html,https://rentalscooterbarcelona.com/de/quads/,34328ba3a6d728b9c6a68695a05a02eb3e4189f9a4d8842c227592d1171401e4,RSB_QUADS_CORREGIDO_3_PUNTOS_VERIFICADOS(2).zip,de/quads/index.html
06_QUADS,en,PAGINAS/06_QUADS/en/index.html,https://rentalscooterbarcelona.com/quads/,6ebbb73492ab2876c8e8cf5d271e542ba3e05b085a1b7f0ba09972e81fa6ea97,RSB_QUADS_CORREGIDO_3_PUNTOS_VERIFICADOS(2).zip,quads/index.html
06_QUADS,es,PAGINAS/06_QUADS/es/index.html,https://rentalscooterbarcelona.com/es/quads/,7a6bdc7d08c23b0c3eb3bf3f91f1fb765fef4a3fcc47516c224f74ecbbb5f6f9,RSB_QUADS_CORREGIDO_3_PUNTOS_VERIFICADOS(2).zip,es/quads/index.html
06_QUADS,fr,PAGINAS/06_QUADS/fr/index.html,https://rentalscooterbarcelona.com/fr/quads/,e8d74c123392391a528275f54a963f658b45560f4ba2a44b41a6786c719dcd7e,RSB_QUADS_CORREGIDO_3_PUNTOS_VERIFICADOS(2).zip,fr/quads/index.html
06_QUADS,it,PAGINAS/06_QUADS/it/index.html,https://rentalscooterbarcelona.com/it/quads/,0431231ef07ec79afd7ea6ccefea3a4b148b3fd284047c8df344692970322a2c,RSB_QUADS_CORREGIDO_3_PUNTOS_VERIFICADOS(2).zip,it/quads/index.html
06_QUADS,nl,PAGINAS/06_QUADS/nl/index.html,https://rentalscooterbarcelona.com/nl/quads/,3ace9b352b7b8a24d2a416686ee0e9c95f89ed394dba70460dac74863bc9f2b0,RSB_QUADS_CORREGIDO_3_PUNTOS_VERIFICADOS(2).zip,nl/quads/index.html
06_QUADS,pl,PAGINAS/06_QUADS/pl/index.html,https://rentalscooterbarcelona.com/pl/quads/,d27e826fd8db73f0b14b8013a886167176ca2c4673a520af6789fe677632606e,RSB_QUADS_CORREGIDO_3_PUNTOS_VERIFICADOS(2).zip,pl/quads/index.html
06_QUADS,pt,PAGINAS/06_QUADS/pt/index.html,https://rentalscooterbarcelona.com/pt/quads/,6d04a97f454a528af2e1d77e37961146727f86cee1972ed0c0cccf8beb99a902,RSB_QUADS_CORREGIDO_3_PUNTOS_VERIFICADOS(2).zip,pt/quads/index.html
06_QUADS,sv,PAGINAS/06_QUADS/sv/index.html,https://rentalscooterbarcelona.com/sv/quads/,e9d936b8674959f677d78d3709e4ad3194e32d893e205e41070b1c4213a96179,RSB_QUADS_CORREGIDO_3_PUNTOS_VERIFICADOS(2).zip,sv/quads/index.html
07_SKATEBOARD,ca,PAGINAS/07_SKATEBOARD/cat/index.html,https://rentalscooterbarcelona.com/cat/skateboard/,7aa6800e08afad28dedbb1fab25a04ae23b4f11161a8e692f25e0ce8a2f86543,07_SKATEBOARD_CORREGIDO_VERIFICADO (1).zip,cat/skateboard/index.html
07_SKATEBOARD,de,PAGINAS/07_SKATEBOARD/de/index.html,https://rentalscooterbarcelona.com/de/skateboard/,156c01685892e6828d339eef25793c06b5306d3d9215eae76bd788d495b43252,07_SKATEBOARD_CORREGIDO_VERIFICADO (1).zip,de/skateboard/index.html
07_SKATEBOARD,en,PAGINAS/07_SKATEBOARD/en/index.html,https://rentalscooterbarcelona.com/skateboard/,77c1e777c12704368bbd5683d8c007dfa53d97eb8d5e6cb0712252ea49ac00c1,07_SKATEBOARD_CORREGIDO_VERIFICADO (1).zip,skateboard/index.html
07_SKATEBOARD,es,PAGINAS/07_SKATEBOARD/es/index.html,https://rentalscooterbarcelona.com/es/skateboard/,983e032109d220c5b6da7c2b32834909139ca4d9fc7138f468c96352c9bb6510,07_SKATEBOARD_CORREGIDO_VERIFICADO (1).zip,es/skateboard/index.html
07_SKATEBOARD,fr,PAGINAS/07_SKATEBOARD/fr/index.html,https://rentalscooterbarcelona.com/fr/skateboard/,cf2850b43261c2a79f77d3f4f54aa5e6bfb503fa249eedb6cefdd1405788b4cb,07_SKATEBOARD_CORREGIDO_VERIFICADO (1).zip,fr/skateboard/index.html
07_SKATEBOARD,it,PAGINAS/07_SKATEBOARD/it/index.html,https://rentalscooterbarcelona.com/it/skateboard/,b6a43c4c7273f64ceb87c459095cc24d100be5d6d9c77182fc971810a2baa794,07_SKATEBOARD_CORREGIDO_VERIFICADO (1).zip,it/skateboard/index.html
07_SKATEBOARD,nl,PAGINAS/07_SKATEBOARD/nl/index.html,https://rentalscooterbarcelona.com/nl/skateboard/,6a1f27d342064742811201a9fcd83674195fb56eb694c3e4a7102f53b2d9dabd,07_SKATEBOARD_CORREGIDO_VERIFICADO (1).zip,nl/skateboard/index.html
07_SKATEBOARD,pl,PAGINAS/07_SKATEBOARD/pl/index.html,https://rentalscooterbarcelona.com/pl/skateboard/,60245c0f6cffdbd0ce8ce9ddc01b907e20acd2a161756fc960d18075399aa21a,07_SKATEBOARD_CORREGIDO_VERIFICADO (1).zip,pl/skateboard/index.html
07_SKATEBOARD,pt,PAGINAS/07_SKATEBOARD/pt/index.html,https://rentalscooterbarcelona.com/pt/skateboard/,93b6d5e2d2a1d23e7e6c920cbcb8c3946f8361d3f243e4cf232170ae25f959d3,07_SKATEBOARD_CORREGIDO_VERIFICADO (1).zip,pt/skateboard/index.html
07_SKATEBOARD,sv,PAGINAS/07_SKATEBOARD/sv/index.html,https://rentalscooterbarcelona.com/sv/skateboard/,a0e07aaeeb4db861141c17ac484806a227130cb3cd215a4dfeb8b464ed1cb332,07_SKATEBOARD_CORREGIDO_VERIFICADO (1).zip,sv/skateboard/index.html
08_LONGBOARD,ca,PAGINAS/08_LONGBOARD/cat/index.html,https://rentalscooterbarcelona.com/cat/longboard/,387da6b84558cccecb99f54ad4a8d817267ebb6a6f716a71d0c8043e9ed3f7a6,BLOG_HOME-main.zip,BLOG_HOME-main/08_LONGBOARD/cat/longboard/index.html
08_LONGBOARD,de,PAGINAS/08_LONGBOARD/de/index.html,https://rentalscooterbarcelona.com/de/longboard/,4165e42de3aad195b652889d60807dd8e4e8dbb915d83970ab619eef7b465958,BLOG_HOME-main.zip,BLOG_HOME-main/08_LONGBOARD/de/longboard/index.html
08_LONGBOARD,en,PAGINAS/08_LONGBOARD/en/index.html,https://rentalscooterbarcelona.com/longboard/,2397738061737f2c9e23a58d18181e80aa10e707a68d6dc4ab18380020d0be57,BLOG_HOME-main.zip,BLOG_HOME-main/08_LONGBOARD/longboard/index.html
08_LONGBOARD,es,PAGINAS/08_LONGBOARD/es/index.html,https://rentalscooterbarcelona.com/es/longboard/,80e794cad03818ffa958149962687c24b2a74bf3b77c112233772c3a584707d2,BLOG_HOME-main.zip,BLOG_HOME-main/08_LONGBOARD/es/longboard/index.html
08_LONGBOARD,fr,PAGINAS/08_LONGBOARD/fr/index.html,https://rentalscooterbarcelona.com/fr/longboard/,6013ecb07098ae8eec4e422206eea3ee2b06dab8767efe7df48a7ac5746bd46b,BLOG_HOME-main.zip,BLOG_HOME-main/08_LONGBOARD/fr/longboard/index.html
08_LONGBOARD,it,PAGINAS/08_LONGBOARD/it/index.html,https://rentalscooterbarcelona.com/it/longboard/,dee75bafa8c35cc9a414a871ac4f4c463ea3d08bfe1f925d75269ffeb72c6eb2,BLOG_HOME-main.zip,BLOG_HOME-main/08_LONGBOARD/it/longboard/index.html
08_LONGBOARD,nl,PAGINAS/08_LONGBOARD/nl/index.html,https://rentalscooterbarcelona.com/nl/longboard/,4243c3ff9011c1a52e08165abf8222b54c1a41f0394914466b5a01c56fc7c61d,BLOG_HOME-main.zip,BLOG_HOME-main/08_LONGBOARD/nl/longboard/index.html
08_LONGBOARD,pl,PAGINAS/08_LONGBOARD/pl/index.html,https://rentalscooterbarcelona.com/pl/longboard/,ea084b82069776d8a7898cf6974a8a4dcd59963f1c145395e43b0bc0fdf936a8,BLOG_HOME-main.zip,BLOG_HOME-main/08_LONGBOARD/pl/longboard/index.html
08_LONGBOARD,pt,PAGINAS/08_LONGBOARD/pt/index.html,https://rentalscooterbarcelona.com/pt/longboard/,35e1df2b46c40cc508a2fe9b84ffb7396daf43bccf5d51a01aa6519dc511ee0e,BLOG_HOME-main.zip,BLOG_HOME-main/08_LONGBOARD/pt/longboard/index.html
08_LONGBOARD,sv,PAGINAS/08_LONGBOARD/sv/index.html,https://rentalscooterbarcelona.com/sv/longboard/,d7ae032563f80c43088da4fd96e3c027bffc1e3e31905edd92e16423436a71f1,BLOG_HOME-main.zip,BLOG_HOME-main/08_LONGBOARD/sv/longboard/index.html
09_LOCATION_CONTACT,ca,PAGINAS/09_LOCATION_CONTACT/cat/index.html,https://rentalscooterbarcelona.com/cat/location-contact/,65a836f6bf2ea30d93fdf5f0e651680c2f0832953f5cf70f92befafcafbcb754,LOCATION_CONTACT-main.zip,LOCATION_CONTACT-main/09_LOCATION_CONTACT/cat/location-contact/index.html
09_LOCATION_CONTACT,de,PAGINAS/09_LOCATION_CONTACT/de/index.html,https://rentalscooterbarcelona.com/de/location-contact/,da6e7f7c863006a0f21f3ac15850d4cf0a084667cd8f4c9892a6586b341fe648,LOCATION_CONTACT-main.zip,LOCATION_CONTACT-main/09_LOCATION_CONTACT/de/location-contact/index.html
09_LOCATION_CONTACT,en,PAGINAS/09_LOCATION_CONTACT/en/index.html,https://rentalscooterbarcelona.com/location-contact/,ee5633cb2b2df9a903d854784168e30eb0f2e90409551dbac5a8ed6232c97617,LOCATION_CONTACT-main.zip,LOCATION_CONTACT-main/09_LOCATION_CONTACT/location-contact/index.html
09_LOCATION_CONTACT,es,PAGINAS/09_LOCATION_CONTACT/es/index.html,https://rentalscooterbarcelona.com/es/location-contact/,0c8c217885c7efc1f06f7efb545e25ca26bf3079b203b084e460b04f00260ef5,LOCATION_CONTACT-main.zip,LOCATION_CONTACT-main/09_LOCATION_CONTACT/es/location-contact/index.html
09_LOCATION_CONTACT,fr,PAGINAS/09_LOCATION_CONTACT/fr/index.html,https://rentalscooterbarcelona.com/fr/location-contact/,6332bdd3ff0d69dbc5b7dd62dc3a645ae382f92f4ec760d405bcc39c90bf1dd8,LOCATION_CONTACT-main.zip,LOCATION_CONTACT-main/09_LOCATION_CONTACT/fr/location-contact/index.html
09_LOCATION_CONTACT,it,PAGINAS/09_LOCATION_CONTACT/it/index.html,https://rentalscooterbarcelona.com/it/location-contact/,e6027a1e84461c33a99d4fd51acc4c0b8139986cb131d114ca3935487ec07e3a,LOCATION_CONTACT-main.zip,LOCATION_CONTACT-main/09_LOCATION_CONTACT/it/location-contact/index.html
09_LOCATION_CONTACT,nl,PAGINAS/09_LOCATION_CONTACT/nl/index.html,https://rentalscooterbarcelona.com/nl/location-contact/,f1a05ad8c3d87950190f74442087204f7ab4b3a7f99663ca48913d0a4df117be,LOCATION_CONTACT-main.zip,LOCATION_CONTACT-main/09_LOCATION_CONTACT/nl/location-contact/index.html
09_LOCATION_CONTACT,pl,PAGINAS/09_LOCATION_CONTACT/pl/index.html,https://rentalscooterbarcelona.com/pl/location-contact/,2c3fcd69427b60328f33c430f0db693a34f1f01cee17a93ba4ca1da2e88932b1,LOCATION_CONTACT-main.zip,LOCATION_CONTACT-main/09_LOCATION_CONTACT/pl/location-contact/index.html
09_LOCATION_CONTACT,pt,PAGINAS/09_LOCATION_CONTACT/pt/index.html,https://rentalscooterbarcelona.com/pt/location-contact/,a01692e260e92c82950fd10089e64ddb0a1ddf6c8e07a226f80b82f83fc1fbc6,LOCATION_CONTACT-main.zip,LOCATION_CONTACT-main/09_LOCATION_CONTACT/pt/location-contact/index.html
09_LOCATION_CONTACT,sv,PAGINAS/09_LOCATION_CONTACT/sv/index.html,https://rentalscooterbarcelona.com/sv/location-contact/,6708ca15d2271477946721c107ddb1195c8fc7c449c2cf36df81cf2b4046a1ab,LOCATION_CONTACT-main.zip,LOCATION_CONTACT-main/09_LOCATION_CONTACT/sv/location-contact/index.html
10_BLOG_HOME,ca,PAGINAS/10_BLOG_HOME/cat/index.html,https://rentalscooterbarcelona.com/cat/blog/,a4e3d9b4c9f5ea207a9f860b47388b9c5cc717f647b0ae231363372e65fb9adb,BLOG_HOME-main.zip,BLOG_HOME-main/10_BLOG_HOME/cat/blog/index.html
10_BLOG_HOME,de,PAGINAS/10_BLOG_HOME/de/index.html,https://rentalscooterbarcelona.com/de/blog/,60859c95b1649e27eb64929a77a29c90f2139c72045b2e0da46bd5e6e77a3617,BLOG_HOME-main.zip,BLOG_HOME-main/10_BLOG_HOME/de/blog/index.html
10_BLOG_HOME,en,PAGINAS/10_BLOG_HOME/en/index.html,https://rentalscooterbarcelona.com/blog/,56c436843a27b99622575fa72f6da329e4fbbe537c96f9ca227e3605546a13ba,BLOG_HOME-main.zip,BLOG_HOME-main/10_BLOG_HOME/blog/index.html
10_BLOG_HOME,es,PAGINAS/10_BLOG_HOME/es/index.html,https://rentalscooterbarcelona.com/es/blog/,cc4cc59429c3c208ff8fff3b494d9623caad88db2c54adb1d6ec7266c6a1c8b2,BLOG_HOME-main.zip,BLOG_HOME-main/10_BLOG_HOME/es/blog/index.html
10_BLOG_HOME,fr,PAGINAS/10_BLOG_HOME/fr/index.html,https://rentalscooterbarcelona.com/fr/blog/,078a44686341cc16cf1fea30611a3152afc77657305bb26685816ba7426d4821,BLOG_HOME-main.zip,BLOG_HOME-main/10_BLOG_HOME/fr/blog/index.html
10_BLOG_HOME,it,PAGINAS/10_BLOG_HOME/it/index.html,https://rentalscooterbarcelona.com/it/blog/,d0b42ac574cc87a6fb92488ca5534f2301709be13709bbca6fcaaf91d6e302d6,BLOG_HOME-main.zip,BLOG_HOME-main/10_BLOG_HOME/it/blog/index.html
10_BLOG_HOME,nl,PAGINAS/10_BLOG_HOME/nl/index.html,https://rentalscooterbarcelona.com/nl/blog/,b333de07ee7625c6ff9c638271895e2c7fa006759301b5c40ff56c63974bbebb,BLOG_HOME-main.zip,BLOG_HOME-main/10_BLOG_HOME/nl/blog/index.html
10_BLOG_HOME,pl,PAGINAS/10_BLOG_HOME/pl/index.html,https://rentalscooterbarcelona.com/pl/blog/,9b99aeefbbdf61ff8d3eab1e00fab901c44388ac3928fcb2b8ad88a06265833c,BLOG_HOME-main.zip,BLOG_HOME-main/10_BLOG_HOME/pl/blog/index.html
10_BLOG_HOME,pt,PAGINAS/10_BLOG_HOME/pt/index.html,https://rentalscooterbarcelona.com/pt/blog/,fb26c7864a50f463601fdea8d990a57575e0a2fb4894cf9bbcd6e0824d982b5f,BLOG_HOME-main.zip,BLOG_HOME-main/10_BLOG_HOME/pt/blog/index.html
10_BLOG_HOME,sv,PAGINAS/10_BLOG_HOME/sv/index.html,https://rentalscooterbarcelona.com/sv/blog/,e485831ca907cfa308ffa7234f8a9dcc5bd40214c1c1b13ae121aac9c1b24165,BLOG_HOME-main.zip,BLOG_HOME-main/10_BLOG_HOME/sv/blog/index.html
11_BLOG_50CC_VS_125CC,ca,PAGINAS/11_BLOG_50CC_VS_125CC/cat/index.html,https://rentalscooterbarcelona.com/cat/blog/50cc-vs-125cc-scooter-rental-barcelona/,117d7baeecef139705a54a556cca63a55ce728b97e31e7d4a864d213e1ad77ee,BLOG_HOME-main.zip,BLOG_HOME-main/11_BLOG_50CC_VS_125CC/cat/blog/50cc-vs-125cc-scooter-rental-barcelona/index.html
11_BLOG_50CC_VS_125CC,de,PAGINAS/11_BLOG_50CC_VS_125CC/de/index.html,https://rentalscooterbarcelona.com/de/blog/50cc-vs-125cc-scooter-rental-barcelona/,158270230a4fe961d848528f34ce25fde0a387997ebfa7389cf755444e4811a3,BLOG_HOME-main.zip,BLOG_HOME-main/11_BLOG_50CC_VS_125CC/de/blog/50cc-vs-125cc-scooter-rental-barcelona/index.html
11_BLOG_50CC_VS_125CC,en,PAGINAS/11_BLOG_50CC_VS_125CC/en/index.html,https://rentalscooterbarcelona.com/blog/50cc-vs-125cc-scooter-rental-barcelona/,89b373297f674ec5cf08049a7fc9c092ae77f209e7072839389d733045c3cbbc,BLOG_HOME-main.zip,BLOG_HOME-main/11_BLOG_50CC_VS_125CC/blog/50cc-vs-125cc-scooter-rental-barcelona/index.html
11_BLOG_50CC_VS_125CC,es,PAGINAS/11_BLOG_50CC_VS_125CC/es/index.html,https://rentalscooterbarcelona.com/es/blog/50cc-vs-125cc-scooter-rental-barcelona/,db1a0ddc81b9a3cbe5bca613bea3ea587a407dc67aa8e8021658902ccfad2ebf,BLOG_HOME-main.zip,BLOG_HOME-main/11_BLOG_50CC_VS_125CC/es/blog/50cc-vs-125cc-scooter-rental-barcelona/index.html
11_BLOG_50CC_VS_125CC,fr,PAGINAS/11_BLOG_50CC_VS_125CC/fr/index.html,https://rentalscooterbarcelona.com/fr/blog/50cc-vs-125cc-scooter-rental-barcelona/,5d2da24fc38966826baa334d40df0b7d4c20c115ce40393b7356a0694c327482,BLOG_HOME-main.zip,BLOG_HOME-main/11_BLOG_50CC_VS_125CC/fr/blog/50cc-vs-125cc-scooter-rental-barcelona/index.html
11_BLOG_50CC_VS_125CC,it,PAGINAS/11_BLOG_50CC_VS_125CC/it/index.html,https://rentalscooterbarcelona.com/it/blog/50cc-vs-125cc-scooter-rental-barcelona/,19204644f02b5d88beaf7666c47102a6062b43ac0ed522ff16f2162981618c1f,BLOG_HOME-main.zip,BLOG_HOME-main/11_BLOG_50CC_VS_125CC/it/blog/50cc-vs-125cc-scooter-rental-barcelona/index.html
11_BLOG_50CC_VS_125CC,nl,PAGINAS/11_BLOG_50CC_VS_125CC/nl/index.html,https://rentalscooterbarcelona.com/nl/blog/50cc-vs-125cc-scooter-rental-barcelona/,1c176ad44d80868eb94381c0a57a61bcd8e0133f35b78dcd23fb5b16fe045a24,BLOG_HOME-main.zip,BLOG_HOME-main/11_BLOG_50CC_VS_125CC/nl/blog/50cc-vs-125cc-scooter-rental-barcelona/index.html
11_BLOG_50CC_VS_125CC,pl,PAGINAS/11_BLOG_50CC_VS_125CC/pl/index.html,https://rentalscooterbarcelona.com/pl/blog/50cc-vs-125cc-scooter-rental-barcelona/,d6fb4ad2322d51a409993c113a78560df3401736eb8f53305564a133628b1429,BLOG_HOME-main.zip,BLOG_HOME-main/11_BLOG_50CC_VS_125CC/pl/blog/50cc-vs-125cc-scooter-rental-barcelona/index.html
11_BLOG_50CC_VS_125CC,pt,PAGINAS/11_BLOG_50CC_VS_125CC/pt/index.html,https://rentalscooterbarcelona.com/pt/blog/50cc-vs-125cc-scooter-rental-barcelona/,39417ac7412276f2b886abb970cc50f7f12dbc654bd8c0f6fb7abee4a7446c21,BLOG_HOME-main.zip,BLOG_HOME-main/11_BLOG_50CC_VS_125CC/pt/blog/50cc-vs-125cc-scooter-rental-barcelona/index.html
11_BLOG_50CC_VS_125CC,sv,PAGINAS/11_BLOG_50CC_VS_125CC/sv/index.html,https://rentalscooterbarcelona.com/sv/blog/50cc-vs-125cc-scooter-rental-barcelona/,9caeea76dad024106b78db746a4db231f81304718eab7398b87f34b774d66656,BLOG_HOME-main.zip,BLOG_HOME-main/11_BLOG_50CC_VS_125CC/sv/blog/50cc-vs-125cc-scooter-rental-barcelona/index.html
12_BLOG_BEGINNER_INLINE_SKATING,ca,PAGINAS/12_BLOG_BEGINNER_INLINE_SKATING/cat/index.html,https://rentalscooterbarcelona.com/cat/blog/patinar-linia-barcelona-principiants/,6c4593032d7c7a7d02a67950793af3d61f2d3e8ed5334c5605e761ad446e6dc1,BLOG_HOME-main.zip,BLOG_HOME-main/12_BLOG_BEGINNER_INLINE_SKATING/cat/blog/patinar-linia-barcelona-principiants/index.html
12_BLOG_BEGINNER_INLINE_SKATING,de,PAGINAS/12_BLOG_BEGINNER_INLINE_SKATING/de/index.html,https://rentalscooterbarcelona.com/de/blog/inlineskaten-barcelona-anfaenger/,60ea6573e618ce0541d5b03f6d0ed4ffa8ae22ed442889394b7f2b07403cb607,BLOG_HOME-main.zip,BLOG_HOME-main/12_BLOG_BEGINNER_INLINE_SKATING/de/blog/inlineskaten-barcelona-anfaenger/index.html
12_BLOG_BEGINNER_INLINE_SKATING,en,PAGINAS/12_BLOG_BEGINNER_INLINE_SKATING/en/index.html,https://rentalscooterbarcelona.com/blog/beginner-inline-skating-barcelona/,e2fb5312c9bfe421f9e4be10ddf355f464e9377107aca0b295243753e0bf9d31,BLOG_HOME-main.zip,BLOG_HOME-main/12_BLOG_BEGINNER_INLINE_SKATING/blog/beginner-inline-skating-barcelona/index.html
12_BLOG_BEGINNER_INLINE_SKATING,es,PAGINAS/12_BLOG_BEGINNER_INLINE_SKATING/es/index.html,https://rentalscooterbarcelona.com/es/blog/patinar-en-barcelona-principiantes/,003156a1c41b2e429ebeca1b0d1c08b5e5ef24879dc7abd0fc584cc7c38728b4,BLOG_HOME-main.zip,BLOG_HOME-main/12_BLOG_BEGINNER_INLINE_SKATING/es/blog/patinar-en-barcelona-principiantes/index.html
12_BLOG_BEGINNER_INLINE_SKATING,fr,PAGINAS/12_BLOG_BEGINNER_INLINE_SKATING/fr/index.html,https://rentalscooterbarcelona.com/fr/blog/roller-en-ligne-debutants-barcelone/,18fc41e5c656dbfa176a0cd1035e42a2b346c02a015dab4f81fd0bf47c130501,BLOG_HOME-main.zip,BLOG_HOME-main/12_BLOG_BEGINNER_INLINE_SKATING/fr/blog/roller-en-ligne-debutants-barcelone/index.html
12_BLOG_BEGINNER_INLINE_SKATING,it,PAGINAS/12_BLOG_BEGINNER_INLINE_SKATING/it/index.html,https://rentalscooterbarcelona.com/it/blog/pattinaggio-inline-principianti-barcellona/,36c6a9615e41b8e231a9e4a6159880f3b4da5b95e0585568ecdf88393137ae9a,BLOG_HOME-main.zip,BLOG_HOME-main/12_BLOG_BEGINNER_INLINE_SKATING/it/blog/pattinaggio-inline-principianti-barcellona/index.html
12_BLOG_BEGINNER_INLINE_SKATING,nl,PAGINAS/12_BLOG_BEGINNER_INLINE_SKATING/nl/index.html,https://rentalscooterbarcelona.com/nl/blog/inline-skaten-barcelona-beginners/,fd0acf99394a17d7a7b426d1303d07b631550d8b49d1c3e1442e48147c929910,BLOG_HOME-main.zip,BLOG_HOME-main/12_BLOG_BEGINNER_INLINE_SKATING/nl/blog/inline-skaten-barcelona-beginners/index.html
12_BLOG_BEGINNER_INLINE_SKATING,pl,PAGINAS/12_BLOG_BEGINNER_INLINE_SKATING/pl/index.html,https://rentalscooterbarcelona.com/pl/blog/jazda-na-rolkach-barcelona-poczatkujacy/,e45501b709b2eb4150761eb657c394ff53515141954ebcebd643ded60fd7780b,BLOG_HOME-main.zip,BLOG_HOME-main/12_BLOG_BEGINNER_INLINE_SKATING/pl/blog/jazda-na-rolkach-barcelona-poczatkujacy/index.html
12_BLOG_BEGINNER_INLINE_SKATING,pt,PAGINAS/12_BLOG_BEGINNER_INLINE_SKATING/pt/index.html,https://rentalscooterbarcelona.com/pt/blog/patinagem-inline-barcelona-iniciantes/,2609fc95af63359e9ba6a46b690e482f08d7c2d12a9997931610268517141a63,BLOG_HOME-main.zip,BLOG_HOME-main/12_BLOG_BEGINNER_INLINE_SKATING/pt/blog/patinagem-inline-barcelona-iniciantes/index.html
12_BLOG_BEGINNER_INLINE_SKATING,sv,PAGINAS/12_BLOG_BEGINNER_INLINE_SKATING/sv/index.html,https://rentalscooterbarcelona.com/sv/blog/inline-skating-barcelona-nyborjare/,5d3729ba0d49c5a9b16d008478cb65f9c3363d8cc1507238872c3ab5a077933e,BLOG_HOME-main.zip,BLOG_HOME-main/12_BLOG_BEGINNER_INLINE_SKATING/sv/blog/inline-skating-barcelona-nyborjare/index.html
13_BLOG_BEST_ROLLERBLADING_ROUTES,ca,PAGINAS/13_BLOG_BEST_ROLLERBLADING_ROUTES/cat/index.html,https://rentalscooterbarcelona.com/cat/blog/best-rollerblading-routes-barcelona/,789e1583d8d2d340d6cc25383ae0bb29f7add73f2108605be5581e255fa7919d,BLOG_HOME-main.zip,BLOG_HOME-main/13_BLOG_BEST_ROLLERBLADING_ROUTES/cat/blog/best-rollerblading-routes-barcelona/index.html
13_BLOG_BEST_ROLLERBLADING_ROUTES,de,PAGINAS/13_BLOG_BEST_ROLLERBLADING_ROUTES/de/index.html,https://rentalscooterbarcelona.com/de/blog/best-rollerblading-routes-barcelona/,9601e5a62d2c7fc826010383c17947391c0331acf003b37ae5bc496658f4c653,BLOG_HOME-main.zip,BLOG_HOME-main/13_BLOG_BEST_ROLLERBLADING_ROUTES/de/blog/best-rollerblading-routes-barcelona/index.html
13_BLOG_BEST_ROLLERBLADING_ROUTES,en,PAGINAS/13_BLOG_BEST_ROLLERBLADING_ROUTES/en/index.html,https://rentalscooterbarcelona.com/blog/best-rollerblading-routes-barcelona/,faced90774d505d18e73f0a9fd000f115443a85ecef5070de0d2066d6ace8200,BLOG_HOME-main.zip,BLOG_HOME-main/13_BLOG_BEST_ROLLERBLADING_ROUTES/blog/best-rollerblading-routes-barcelona/index.html
13_BLOG_BEST_ROLLERBLADING_ROUTES,es,PAGINAS/13_BLOG_BEST_ROLLERBLADING_ROUTES/es/index.html,https://rentalscooterbarcelona.com/es/blog/best-rollerblading-routes-barcelona/,4267de4660dc1eef6a83a03424676bb2d74fddb54311f5e02b008a464f4e8294,BLOG_HOME-main.zip,BLOG_HOME-main/13_BLOG_BEST_ROLLERBLADING_ROUTES/es/blog/best-rollerblading-routes-barcelona/index.html
13_BLOG_BEST_ROLLERBLADING_ROUTES,fr,PAGINAS/13_BLOG_BEST_ROLLERBLADING_ROUTES/fr/index.html,https://rentalscooterbarcelona.com/fr/blog/best-rollerblading-routes-barcelona/,5fbad95fb325c58e9926f5489b63c9850e600271c1383d742ac3b3c4d92644d3,BLOG_HOME-main.zip,BLOG_HOME-main/13_BLOG_BEST_ROLLERBLADING_ROUTES/fr/blog/best-rollerblading-routes-barcelona/index.html
13_BLOG_BEST_ROLLERBLADING_ROUTES,it,PAGINAS/13_BLOG_BEST_ROLLERBLADING_ROUTES/it/index.html,https://rentalscooterbarcelona.com/it/blog/best-rollerblading-routes-barcelona/,3a77a2518fb26911a99ba08a92023408e4a0307d3cd236dbb21749e50f75b685,BLOG_HOME-main.zip,BLOG_HOME-main/13_BLOG_BEST_ROLLERBLADING_ROUTES/it/blog/best-rollerblading-routes-barcelona/index.html
13_BLOG_BEST_ROLLERBLADING_ROUTES,nl,PAGINAS/13_BLOG_BEST_ROLLERBLADING_ROUTES/nl/index.html,https://rentalscooterbarcelona.com/nl/blog/best-rollerblading-routes-barcelona/,eaec149e3b933e7e62eb8af5e3affda439a3c39f09cd7286e3f76cc5a1fda88e,BLOG_HOME-main.zip,BLOG_HOME-main/13_BLOG_BEST_ROLLERBLADING_ROUTES/nl/blog/best-rollerblading-routes-barcelona/index.html
13_BLOG_BEST_ROLLERBLADING_ROUTES,pl,PAGINAS/13_BLOG_BEST_ROLLERBLADING_ROUTES/pl/index.html,https://rentalscooterbarcelona.com/pl/blog/best-rollerblading-routes-barcelona/,6637afcf827f29094b717fbbe909cde4ca3087c54eec17fde56e65a7f8b0b07a,BLOG_HOME-main.zip,BLOG_HOME-main/13_BLOG_BEST_ROLLERBLADING_ROUTES/pl/blog/best-rollerblading-routes-barcelona/index.html
13_BLOG_BEST_ROLLERBLADING_ROUTES,pt,PAGINAS/13_BLOG_BEST_ROLLERBLADING_ROUTES/pt/index.html,https://rentalscooterbarcelona.com/pt/blog/best-rollerblading-routes-barcelona/,2e4f6eebd7557ed0ecad68882a300fa1dcc054b850bc7487d9decd0f3f40aad5,BLOG_HOME-main.zip,BLOG_HOME-main/13_BLOG_BEST_ROLLERBLADING_ROUTES/pt/blog/best-rollerblading-routes-barcelona/index.html
13_BLOG_BEST_ROLLERBLADING_ROUTES,sv,PAGINAS/13_BLOG_BEST_ROLLERBLADING_ROUTES/sv/index.html,https://rentalscooterbarcelona.com/sv/blog/best-rollerblading-routes-barcelona/,5165d1347ef9b25086165f4ccf9581720f2a0f15fdf114f60f582d8ceb5d1c7f,BLOG_HOME-main.zip,BLOG_HOME-main/13_BLOG_BEST_ROLLERBLADING_ROUTES/sv/blog/best-rollerblading-routes-barcelona/index.html
14_BLOG_BIKE,ca,PAGINAS/14_BLOG_BIKE/cat/index.html,https://rentalscooterbarcelona.com/cat/blog/bike/,767d206ae785ecde40f6c08168ed97278ef937dcd4eac684f82381c5104c35cc,BLOG_HOME-main.zip,BLOG_HOME-main/14_BLOG_BIKE/cat/blog/bike/index.html
14_BLOG_BIKE,de,PAGINAS/14_BLOG_BIKE/de/index.html,https://rentalscooterbarcelona.com/de/blog/bike/,4f4174ae6a541ed54982832cabb9f5ccacd3b1a16caad430526522511dbd27fd,BLOG_HOME-main.zip,BLOG_HOME-main/14_BLOG_BIKE/de/blog/bike/index.html
14_BLOG_BIKE,en,PAGINAS/14_BLOG_BIKE/en/index.html,https://rentalscooterbarcelona.com/blog/bike/,22c42c6266d8c214716f3e72a6b66d297d5169756e04f3f4294ba584cf4f2ad0,BLOG_HOME-main.zip,BLOG_HOME-main/14_BLOG_BIKE/blog/bike/index.html
14_BLOG_BIKE,es,PAGINAS/14_BLOG_BIKE/es/index.html,https://rentalscooterbarcelona.com/es/blog/bike/,606a5b4fc5269d639445a4dcd9fb0c7dfdead4e4977a4ce4b04ddf4c44b66bd3,BLOG_HOME-main.zip,BLOG_HOME-main/14_BLOG_BIKE/es/blog/bike/index.html
14_BLOG_BIKE,fr,PAGINAS/14_BLOG_BIKE/fr/index.html,https://rentalscooterbarcelona.com/fr/blog/bike/,838dc759c1b02b167d23c010f9968dd3c2e5af2b9332234222839d138c160ed6,BLOG_HOME-main.zip,BLOG_HOME-main/14_BLOG_BIKE/fr/blog/bike/index.html
14_BLOG_BIKE,it,PAGINAS/14_BLOG_BIKE/it/index.html,https://rentalscooterbarcelona.com/it/blog/bike/,405f4c6800d070ac72425628f6487c5af397dae6eda532fa0cd9aef88ddfa62b,BLOG_HOME-main.zip,BLOG_HOME-main/14_BLOG_BIKE/it/blog/bike/index.html
14_BLOG_BIKE,nl,PAGINAS/14_BLOG_BIKE/nl/index.html,https://rentalscooterbarcelona.com/nl/blog/bike/,e5f98cfcd1c068b63340a0bb163f3b48e6e591f7da1a529ebb263ed5991e49f3,BLOG_HOME-main.zip,BLOG_HOME-main/14_BLOG_BIKE/nl/blog/bike/index.html
14_BLOG_BIKE,pl,PAGINAS/14_BLOG_BIKE/pl/index.html,https://rentalscooterbarcelona.com/pl/blog/bike/,085a5e3044ff3a438c27c3fc717e0d5f9f6f6d423d53a605b7b8aa4d26d42687,BLOG_HOME-main.zip,BLOG_HOME-main/14_BLOG_BIKE/pl/blog/bike/index.html
14_BLOG_BIKE,pt,PAGINAS/14_BLOG_BIKE/pt/index.html,https://rentalscooterbarcelona.com/pt/blog/bike/,5c896296669ce2c4094c09a8aaa68ac0a591247aa4531820ff06bf6b44b5ba5f,BLOG_HOME-main.zip,BLOG_HOME-main/14_BLOG_BIKE/pt/blog/bike/index.html
14_BLOG_BIKE,sv,PAGINAS/14_BLOG_BIKE/sv/index.html,https://rentalscooterbarcelona.com/sv/blog/bike/,9df3e22a399a786e9e873a7a6370fcc4f736c02a9cae2de7aa67b91ca7341e6d,BLOG_HOME-main.zip,BLOG_HOME-main/14_BLOG_BIKE/sv/blog/bike/index.html
15_BLOG_HOURLY_INLINE_SKATE_RENTAL,ca,PAGINAS/15_BLOG_HOURLY_INLINE_SKATE_RENTAL/cat/index.html,https://rentalscooterbarcelona.com/cat/blog/lloguer-patins-linia-barcelona-per-hores/,5a7104e2fb135aa1023d127454419ac346fd1119a3f5c020ac523e6ca4094721,BLOG_HOME-main.zip,BLOG_HOME-main/15_BLOG_HOURLY_INLINE_SKATE_RENTAL/cat/blog/lloguer-patins-linia-barcelona-per-hores/index.html
15_BLOG_HOURLY_INLINE_SKATE_RENTAL,de,PAGINAS/15_BLOG_HOURLY_INLINE_SKATE_RENTAL/de/index.html,https://rentalscooterbarcelona.com/de/blog/inlineskates-stundenweise-mieten-barcelona/,2ea65a7c07345e8043e15facca394d515fbd6e447f230eb19dc0c14e2dd2473c,BLOG_HOME-main.zip,BLOG_HOME-main/15_BLOG_HOURLY_INLINE_SKATE_RENTAL/de/blog/inlineskates-stundenweise-mieten-barcelona/index.html
15_BLOG_HOURLY_INLINE_SKATE_RENTAL,en,PAGINAS/15_BLOG_HOURLY_INLINE_SKATE_RENTAL/en/index.html,https://rentalscooterbarcelona.com/blog/hourly-inline-skate-rental-barcelona/,08ca06c1702938d97372ba2a4dce0e11bde49094dfed4ae40f7e6f81a9caca34,BLOG_HOME-main.zip,BLOG_HOME-main/15_BLOG_HOURLY_INLINE_SKATE_RENTAL/blog/hourly-inline-skate-rental-barcelona/index.html
15_BLOG_HOURLY_INLINE_SKATE_RENTAL,es,PAGINAS/15_BLOG_HOURLY_INLINE_SKATE_RENTAL/es/index.html,https://rentalscooterbarcelona.com/es/blog/alquiler-patines-linea-barcelona-por-horas/,b4ea9df40124271a09485fc7c977ebf9e4c8c242b383c23576f8cd0dd50712b7,BLOG_HOME-main.zip,BLOG_HOME-main/15_BLOG_HOURLY_INLINE_SKATE_RENTAL/es/blog/alquiler-patines-linea-barcelona-por-horas/index.html
15_BLOG_HOURLY_INLINE_SKATE_RENTAL,fr,PAGINAS/15_BLOG_HOURLY_INLINE_SKATE_RENTAL/fr/index.html,https://rentalscooterbarcelona.com/fr/blog/location-rollers-en-ligne-barcelone-heure/,6c4a8c812f61de9660ea5c5b7c3266e24cd82359e95e7c09d797ec8119df34f5,BLOG_HOME-main.zip,BLOG_HOME-main/15_BLOG_HOURLY_INLINE_SKATE_RENTAL/fr/blog/location-rollers-en-ligne-barcelone-heure/index.html
15_BLOG_HOURLY_INLINE_SKATE_RENTAL,it,PAGINAS/15_BLOG_HOURLY_INLINE_SKATE_RENTAL/it/index.html,https://rentalscooterbarcelona.com/it/blog/noleggio-pattini-linea-barcellona-a-ore/,27176d780ec7e57053e4407d582e018e4dbbca252441d2ba7e88c3db59d70116,BLOG_HOME-main.zip,BLOG_HOME-main/15_BLOG_HOURLY_INLINE_SKATE_RENTAL/it/blog/noleggio-pattini-linea-barcellona-a-ore/index.html
15_BLOG_HOURLY_INLINE_SKATE_RENTAL,nl,PAGINAS/15_BLOG_HOURLY_INLINE_SKATE_RENTAL/nl/index.html,https://rentalscooterbarcelona.com/nl/blog/inline-skates-huren-barcelona-per-uur/,974955fb23d7c1150ac1200bf135e460edc1129a8f70d210f8ff577e90fa29c1,BLOG_HOME-main.zip,BLOG_HOME-main/15_BLOG_HOURLY_INLINE_SKATE_RENTAL/nl/blog/inline-skates-huren-barcelona-per-uur/index.html
15_BLOG_HOURLY_INLINE_SKATE_RENTAL,pl,PAGINAS/15_BLOG_HOURLY_INLINE_SKATE_RENTAL/pl/index.html,https://rentalscooterbarcelona.com/pl/blog/wynajem-rolek-na-godziny-barcelona/,d964e49bf2d937eed6e47b6bbb359c2a51146b034157f24e16396e1f651ca155,BLOG_HOME-main.zip,BLOG_HOME-main/15_BLOG_HOURLY_INLINE_SKATE_RENTAL/pl/blog/wynajem-rolek-na-godziny-barcelona/index.html
15_BLOG_HOURLY_INLINE_SKATE_RENTAL,pt,PAGINAS/15_BLOG_HOURLY_INLINE_SKATE_RENTAL/pt/index.html,https://rentalscooterbarcelona.com/pt/blog/aluguer-patins-linha-barcelona-a-hora/,1e87a48ea7687253f740a6c202bce973c6f96e40fb60f0b18a341c5ce6fb87ce,BLOG_HOME-main.zip,BLOG_HOME-main/15_BLOG_HOURLY_INLINE_SKATE_RENTAL/pt/blog/aluguer-patins-linha-barcelona-a-hora/index.html
15_BLOG_HOURLY_INLINE_SKATE_RENTAL,sv,PAGINAS/15_BLOG_HOURLY_INLINE_SKATE_RENTAL/sv/index.html,https://rentalscooterbarcelona.com/sv/blog/hyra-inlines-barcelona-per-timme/,5f69f1aa142a370c5ef1e525e0e95dfbee5ca086fc400049572ee127094a4f0a,BLOG_HOME-main.zip,BLOG_HOME-main/15_BLOG_HOURLY_INLINE_SKATE_RENTAL/sv/blog/hyra-inlines-barcelona-per-timme/index.html
16_BLOG_INLINE_SKATES,ca,PAGINAS/16_BLOG_INLINE_SKATES/cat/index.html,https://rentalscooterbarcelona.com/cat/blog/inline-skates/,d9361685e13d16f750dc6554cfbf12f82bf752f2b46f2abcdb2a52d7f4ce924f,BLOG_HOME-main.zip,BLOG_HOME-main/16_BLOG_INLINE_SKATES/cat/blog/inline-skates/index.html
16_BLOG_INLINE_SKATES,de,PAGINAS/16_BLOG_INLINE_SKATES/de/index.html,https://rentalscooterbarcelona.com/de/blog/inline-skates/,f4c8ea55071cd20d06328b81559d592ee95361322cf9a4c5abefe9a8a008a506,BLOG_HOME-main.zip,BLOG_HOME-main/16_BLOG_INLINE_SKATES/de/blog/inline-skates/index.html
16_BLOG_INLINE_SKATES,en,PAGINAS/16_BLOG_INLINE_SKATES/en/index.html,https://rentalscooterbarcelona.com/blog/inline-skates/,18ae14f8c55afd6e4c9ef3667e53baa62e068df16172fea9b777a51b7eaae811,BLOG_HOME-main.zip,BLOG_HOME-main/16_BLOG_INLINE_SKATES/blog/inline-skates/index.html
16_BLOG_INLINE_SKATES,es,PAGINAS/16_BLOG_INLINE_SKATES/es/index.html,https://rentalscooterbarcelona.com/es/blog/inline-skates/,087f2e043971439c4fa56001b5b2a3ec2e1b78ac9c5c171860e5caae7f33e735,BLOG_HOME-main.zip,BLOG_HOME-main/16_BLOG_INLINE_SKATES/es/blog/inline-skates/index.html
16_BLOG_INLINE_SKATES,fr,PAGINAS/16_BLOG_INLINE_SKATES/fr/index.html,https://rentalscooterbarcelona.com/fr/blog/inline-skates/,6448334a6fd2f3dac672cb00a1c8e69a4b08d5c4418b8e736a3279b9126e0176,BLOG_HOME-main.zip,BLOG_HOME-main/16_BLOG_INLINE_SKATES/fr/blog/inline-skates/index.html
16_BLOG_INLINE_SKATES,it,PAGINAS/16_BLOG_INLINE_SKATES/it/index.html,https://rentalscooterbarcelona.com/it/blog/inline-skates/,7a928451ecb1d4157f84fbb53d02ffd4f533acd6cd2a01fa82a6cfc4af7d749d,BLOG_HOME-main.zip,BLOG_HOME-main/16_BLOG_INLINE_SKATES/it/blog/inline-skates/index.html
16_BLOG_INLINE_SKATES,nl,PAGINAS/16_BLOG_INLINE_SKATES/nl/index.html,https://rentalscooterbarcelona.com/nl/blog/inline-skates/,da38f3413145d7d90b01edd34e9a85e310978c5053792e9c870656cf9ad2459f,BLOG_HOME-main.zip,BLOG_HOME-main/16_BLOG_INLINE_SKATES/nl/blog/inline-skates/index.html
16_BLOG_INLINE_SKATES,pl,PAGINAS/16_BLOG_INLINE_SKATES/pl/index.html,https://rentalscooterbarcelona.com/pl/blog/inline-skates/,d28b917fe39fe82d55441cb03f46d78582d300679da26a21501304efb7a125e3,BLOG_HOME-main.zip,BLOG_HOME-main/16_BLOG_INLINE_SKATES/pl/blog/inline-skates/index.html
16_BLOG_INLINE_SKATES,pt,PAGINAS/16_BLOG_INLINE_SKATES/pt/index.html,https://rentalscooterbarcelona.com/pt/blog/inline-skates/,1e57aee310ea0093502793fd3491e1e6892a82be1211e170864c4be2f653fb96,BLOG_HOME-main.zip,BLOG_HOME-main/16_BLOG_INLINE_SKATES/pt/blog/inline-skates/index.html
16_BLOG_INLINE_SKATES,sv,PAGINAS/16_BLOG_INLINE_SKATES/sv/index.html,https://rentalscooterbarcelona.com/sv/blog/inline-skates/,a5393331699e065f75433e93a608a09a6c4a7d5df60f7bfb425be9a6fa65455f,BLOG_HOME-main.zip,BLOG_HOME-main/16_BLOG_INLINE_SKATES/sv/blog/inline-skates/index.html
17_BLOG_LONGBOARD,ca,PAGINAS/17_BLOG_LONGBOARD/cat/index.html,https://rentalscooterbarcelona.com/cat/blog/longboard/,322cdbc1c9a30fe0269acd59fb8b6bbdb1f83c6e689cb071f92991ffa705d51d,BLOG_HOME-main.zip,BLOG_HOME-main/17_BLOG_LONGBOARD/cat/blog/longboard/index.html
17_BLOG_LONGBOARD,de,PAGINAS/17_BLOG_LONGBOARD/de/index.html,https://rentalscooterbarcelona.com/de/blog/longboard/,62de5dfdf601ad51fcbb708b6fe9f5c09eeaa0093e830110d0757cc6b6a21cfc,BLOG_HOME-main.zip,BLOG_HOME-main/17_BLOG_LONGBOARD/de/blog/longboard/index.html
17_BLOG_LONGBOARD,en,PAGINAS/17_BLOG_LONGBOARD/en/index.html,https://rentalscooterbarcelona.com/blog/longboard/,0e57515b1b640b9c3a85adcbd8d5862202477365a7ab9199d6b880d30f54df2c,BLOG_HOME-main.zip,BLOG_HOME-main/17_BLOG_LONGBOARD/blog/longboard/index.html
17_BLOG_LONGBOARD,es,PAGINAS/17_BLOG_LONGBOARD/es/index.html,https://rentalscooterbarcelona.com/es/blog/longboard/,bd395f8a8e65822213bbb6008a55369928ebdf20ab61eb5d99bd228df9a35414,BLOG_HOME-main.zip,BLOG_HOME-main/17_BLOG_LONGBOARD/es/blog/longboard/index.html
17_BLOG_LONGBOARD,fr,PAGINAS/17_BLOG_LONGBOARD/fr/index.html,https://rentalscooterbarcelona.com/fr/blog/longboard/,047eb1932864207bf32652078068eee69a73c4d12ef4c9045f7f03ed3fba3c27,BLOG_HOME-main.zip,BLOG_HOME-main/17_BLOG_LONGBOARD/fr/blog/longboard/index.html
17_BLOG_LONGBOARD,it,PAGINAS/17_BLOG_LONGBOARD/it/index.html,https://rentalscooterbarcelona.com/it/blog/longboard/,48f12d0ac00722c6841b4d469c86b529da0f141d35dc395322d41d250bc5e043,BLOG_HOME-main.zip,BLOG_HOME-main/17_BLOG_LONGBOARD/it/blog/longboard/index.html
17_BLOG_LONGBOARD,nl,PAGINAS/17_BLOG_LONGBOARD/nl/index.html,https://rentalscooterbarcelona.com/nl/blog/longboard/,60e5ef25b38e76b83779a889b318e5277d7e95624fc5645758691d679908e8e1,BLOG_HOME-main.zip,BLOG_HOME-main/17_BLOG_LONGBOARD/nl/blog/longboard/index.html
17_BLOG_LONGBOARD,pl,PAGINAS/17_BLOG_LONGBOARD/pl/index.html,https://rentalscooterbarcelona.com/pl/blog/longboard/,93fbf17c5b8b35b635ae4ba45e500b4b94727fba76ceb4bf3a94c4b3b4a29e47,BLOG_HOME-main.zip,BLOG_HOME-main/17_BLOG_LONGBOARD/pl/blog/longboard/index.html
17_BLOG_LONGBOARD,pt,PAGINAS/17_BLOG_LONGBOARD/pt/index.html,https://rentalscooterbarcelona.com/pt/blog/longboard/,29abbb79c6c6bf71c0096efdbea8be741605cb695b3cb6bd4f4785b6eb7db622,BLOG_HOME-main.zip,BLOG_HOME-main/17_BLOG_LONGBOARD/pt/blog/longboard/index.html
17_BLOG_LONGBOARD,sv,PAGINAS/17_BLOG_LONGBOARD/sv/index.html,https://rentalscooterbarcelona.com/sv/blog/longboard/,7acb51f14b872c0ee6f68277fb3cdeebfb1b74cd10cd6c4e06a2bcc65ef78ea1,BLOG_HOME-main.zip,BLOG_HOME-main/17_BLOG_LONGBOARD/sv/blog/longboard/index.html
18_BLOG_ROLLER_SKATES,ca,PAGINAS/18_BLOG_ROLLER_SKATES/cat/index.html,https://rentalscooterbarcelona.com/cat/blog/roller-skates/,b890b26da123b934aa96a9a28a05e219ee4809a394789e53e01f0583cc437292,BLOG_HOME-main.zip,BLOG_HOME-main/18_BLOG_ROLLER_SKATES/cat/blog/roller-skates/index.html
18_BLOG_ROLLER_SKATES,de,PAGINAS/18_BLOG_ROLLER_SKATES/de/index.html,https://rentalscooterbarcelona.com/de/blog/roller-skates/,d709f2bfe28ad404bf27a2c1b1769aa89083799e7417f10090d00c3bab72fc57,BLOG_HOME-main.zip,BLOG_HOME-main/18_BLOG_ROLLER_SKATES/de/blog/roller-skates/index.html
18_BLOG_ROLLER_SKATES,en,PAGINAS/18_BLOG_ROLLER_SKATES/en/index.html,https://rentalscooterbarcelona.com/blog/roller-skates/,e56775a361abf96f76a9964a239b816672387748fbcf7e1cb0f7f14b7877a015,BLOG_HOME-main.zip,BLOG_HOME-main/18_BLOG_ROLLER_SKATES/blog/roller-skates/index.html
18_BLOG_ROLLER_SKATES,es,PAGINAS/18_BLOG_ROLLER_SKATES/es/index.html,https://rentalscooterbarcelona.com/es/blog/roller-skates/,2847c2d6cc0427866c4a23512c6d764e674a5c4bb06f4fcd62893dac92050ee7,BLOG_HOME-main.zip,BLOG_HOME-main/18_BLOG_ROLLER_SKATES/es/blog/roller-skates/index.html
18_BLOG_ROLLER_SKATES,fr,PAGINAS/18_BLOG_ROLLER_SKATES/fr/index.html,https://rentalscooterbarcelona.com/fr/blog/roller-skates/,3b1388ee6465777da674f33dd31f14fb8b17ccc042c8c6d71a35cbc3d829f372,BLOG_HOME-main.zip,BLOG_HOME-main/18_BLOG_ROLLER_SKATES/fr/blog/roller-skates/index.html
18_BLOG_ROLLER_SKATES,it,PAGINAS/18_BLOG_ROLLER_SKATES/it/index.html,https://rentalscooterbarcelona.com/it/blog/roller-skates/,78f5969e4d5db16b0bad34f8929f2f2da0f2c4a1394e132861d9620968c59729,BLOG_HOME-main.zip,BLOG_HOME-main/18_BLOG_ROLLER_SKATES/it/blog/roller-skates/index.html
18_BLOG_ROLLER_SKATES,nl,PAGINAS/18_BLOG_ROLLER_SKATES/nl/index.html,https://rentalscooterbarcelona.com/nl/blog/roller-skates/,9a55f6baf8691ee758ea13f77d4bb9fd607e69e7e1c4ee3f9a4e88055ceae3d9,BLOG_HOME-main.zip,BLOG_HOME-main/18_BLOG_ROLLER_SKATES/nl/blog/roller-skates/index.html
18_BLOG_ROLLER_SKATES,pl,PAGINAS/18_BLOG_ROLLER_SKATES/pl/index.html,https://rentalscooterbarcelona.com/pl/blog/roller-skates/,6670f335c21c74411e3190a1c50b233b5a11cbce6b5e7e135d713fee58e0e019,BLOG_HOME-main.zip,BLOG_HOME-main/18_BLOG_ROLLER_SKATES/pl/blog/roller-skates/index.html
18_BLOG_ROLLER_SKATES,pt,PAGINAS/18_BLOG_ROLLER_SKATES/pt/index.html,https://rentalscooterbarcelona.com/pt/blog/roller-skates/,4feca229032c79db2fbbd737eb512e0e75cc83d5df96f4ac61445ec2a11e009c,BLOG_HOME-main.zip,BLOG_HOME-main/18_BLOG_ROLLER_SKATES/pt/blog/roller-skates/index.html
18_BLOG_ROLLER_SKATES,sv,PAGINAS/18_BLOG_ROLLER_SKATES/sv/index.html,https://rentalscooterbarcelona.com/sv/blog/roller-skates/,8043f23f05f707d7a52d360197f92110830a40edf325956fbb23d28086db6300,BLOG_HOME-main.zip,BLOG_HOME-main/18_BLOG_ROLLER_SKATES/sv/blog/roller-skates/index.html
19_BLOG_SCOOTER,ca,PAGINAS/19_BLOG_SCOOTER/cat/index.html,https://rentalscooterbarcelona.com/cat/blog/scooter/,2b95f9bd1a7b39b30f3f4c57deed4a4c0b936f75d82d08f142e7c02a83da4317,BLOG_HOME-main.zip,BLOG_HOME-main/19_BLOG_SCOOTER/cat/blog/scooter/index.html
19_BLOG_SCOOTER,de,PAGINAS/19_BLOG_SCOOTER/de/index.html,https://rentalscooterbarcelona.com/de/blog/scooter/,359d5920f946d52e9a154d5879cffeb10cdbec6683d8afa3b3a826c1ad780ad6,BLOG_HOME-main.zip,BLOG_HOME-main/19_BLOG_SCOOTER/de/blog/scooter/index.html
19_BLOG_SCOOTER,en,PAGINAS/19_BLOG_SCOOTER/en/index.html,https://rentalscooterbarcelona.com/blog/scooter/,8da20a515a88976d7d8b27d244cec09a3b5e50e5a4263efbb404bd6a7fd03ad3,BLOG_HOME-main.zip,BLOG_HOME-main/19_BLOG_SCOOTER/blog/scooter/index.html
19_BLOG_SCOOTER,es,PAGINAS/19_BLOG_SCOOTER/es/index.html,https://rentalscooterbarcelona.com/es/blog/scooter/,aa4ed9d51dfb177724e2e6b12f7dcdee2205d4646eb188d7bd627907cc20688a,BLOG_HOME-main.zip,BLOG_HOME-main/19_BLOG_SCOOTER/es/blog/scooter/index.html
19_BLOG_SCOOTER,fr,PAGINAS/19_BLOG_SCOOTER/fr/index.html,https://rentalscooterbarcelona.com/fr/blog/scooter/,638911fa9e2abce44d7dfd56c4f37fa2de95068849e8582db5511736c44ece2f,BLOG_HOME-main.zip,BLOG_HOME-main/19_BLOG_SCOOTER/fr/blog/scooter/index.html
19_BLOG_SCOOTER,it,PAGINAS/19_BLOG_SCOOTER/it/index.html,https://rentalscooterbarcelona.com/it/blog/scooter/,94b41d8e1434356e7821e9dbb42fded22430c8aa82b4506c6c9195f22e8a3f5c,BLOG_HOME-main.zip,BLOG_HOME-main/19_BLOG_SCOOTER/it/blog/scooter/index.html
19_BLOG_SCOOTER,nl,PAGINAS/19_BLOG_SCOOTER/nl/index.html,https://rentalscooterbarcelona.com/nl/blog/scooter/,e0f984375935c526333a03cc794ee8833dcc074959e54a0fc322beb65afba9db,BLOG_HOME-main.zip,BLOG_HOME-main/19_BLOG_SCOOTER/nl/blog/scooter/index.html
19_BLOG_SCOOTER,pl,PAGINAS/19_BLOG_SCOOTER/pl/index.html,https://rentalscooterbarcelona.com/pl/blog/scooter/,d79e1febe4cc4e7f30cf2606d08d9c242e8f80e3a513aa533a509e0f82ea1128,BLOG_HOME-main.zip,BLOG_HOME-main/19_BLOG_SCOOTER/pl/blog/scooter/index.html
19_BLOG_SCOOTER,pt,PAGINAS/19_BLOG_SCOOTER/pt/index.html,https://rentalscooterbarcelona.com/pt/blog/scooter/,8ffeafefc4ed348eb46838c116288b23f8887d141d49649a215f2d2048a8ef55,BLOG_HOME-main.zip,BLOG_HOME-main/19_BLOG_SCOOTER/pt/blog/scooter/index.html
19_BLOG_SCOOTER,sv,PAGINAS/19_BLOG_SCOOTER/sv/index.html,https://rentalscooterbarcelona.com/sv/blog/scooter/,f3c401a0912f4c92023ab999c47aeff215f9bd33c7ce7fd5d3693b6b4d039edf,BLOG_HOME-main.zip,BLOG_HOME-main/19_BLOG_SCOOTER/sv/blog/scooter/index.html
20_BLOG_SKATEBOARD,ca,PAGINAS/20_BLOG_SKATEBOARD/cat/index.html,https://rentalscooterbarcelona.com/cat/blog/skateboard/,d36d59d7be404787d43165cce4f984eb6c7ad4fb0396bca79c6b8757f8eb9b42,BLOG_HOME-main.zip,BLOG_HOME-main/20_BLOG_SKATEBOARD/cat/blog/skateboard/index.html
20_BLOG_SKATEBOARD,de,PAGINAS/20_BLOG_SKATEBOARD/de/index.html,https://rentalscooterbarcelona.com/de/blog/skateboard/,202294ec62b3b56bccde48bc916ed3ad261b04fafb9bcf4ee3b31e34fc41bf93,BLOG_HOME-main.zip,BLOG_HOME-main/20_BLOG_SKATEBOARD/de/blog/skateboard/index.html
20_BLOG_SKATEBOARD,en,PAGINAS/20_BLOG_SKATEBOARD/en/index.html,https://rentalscooterbarcelona.com/blog/skateboard/,6c94f394b401e0e2e63543b490ba05f508d757fd24625ffaaab59419f8e1f4e3,BLOG_HOME-main.zip,BLOG_HOME-main/20_BLOG_SKATEBOARD/blog/skateboard/index.html
20_BLOG_SKATEBOARD,es,PAGINAS/20_BLOG_SKATEBOARD/es/index.html,https://rentalscooterbarcelona.com/es/blog/skateboard/,498d661b857e29b3495e32c38502e66816078cf207f10f3ac47f3be27e72ac52,BLOG_HOME-main.zip,BLOG_HOME-main/20_BLOG_SKATEBOARD/es/blog/skateboard/index.html
20_BLOG_SKATEBOARD,fr,PAGINAS/20_BLOG_SKATEBOARD/fr/index.html,https://rentalscooterbarcelona.com/fr/blog/skateboard/,487e7f040d05e8ef9d14835c039c2d8a695cb29e1e12c531920ca51894b2ee7f,BLOG_HOME-main.zip,BLOG_HOME-main/20_BLOG_SKATEBOARD/fr/blog/skateboard/index.html
20_BLOG_SKATEBOARD,it,PAGINAS/20_BLOG_SKATEBOARD/it/index.html,https://rentalscooterbarcelona.com/it/blog/skateboard/,2de19f906d33f499412af68ebd80e2103f62df74940f77c162dba2774d489cba,BLOG_HOME-main.zip,BLOG_HOME-main/20_BLOG_SKATEBOARD/it/blog/skateboard/index.html
20_BLOG_SKATEBOARD,nl,PAGINAS/20_BLOG_SKATEBOARD/nl/index.html,https://rentalscooterbarcelona.com/nl/blog/skateboard/,71f586ea5f4690276233cfc5b4679468b84f6d7ce03e64b00049b09a39f60992,BLOG_HOME-main.zip,BLOG_HOME-main/20_BLOG_SKATEBOARD/nl/blog/skateboard/index.html
20_BLOG_SKATEBOARD,pl,PAGINAS/20_BLOG_SKATEBOARD/pl/index.html,https://rentalscooterbarcelona.com/pl/blog/skateboard/,cfdd36a6a4de4c82b07f8c73c2181f9ab8c1de690a073b1afb8139e76aa619f7,BLOG_HOME-main.zip,BLOG_HOME-main/20_BLOG_SKATEBOARD/pl/blog/skateboard/index.html
20_BLOG_SKATEBOARD,pt,PAGINAS/20_BLOG_SKATEBOARD/pt/index.html,https://rentalscooterbarcelona.com/pt/blog/skateboard/,390eb1e5de34fcbf8a6118063f3200d40703b47767eec9faea78f49d0e3b775e,BLOG_HOME-main.zip,BLOG_HOME-main/20_BLOG_SKATEBOARD/pt/blog/skateboard/index.html
20_BLOG_SKATEBOARD,sv,PAGINAS/20_BLOG_SKATEBOARD/sv/index.html,https://rentalscooterbarcelona.com/sv/blog/skateboard/,c75793c5708b2fb307a99c6d051183792cda1f9d3835a9bf24ea38fe22b8825e,BLOG_HOME-main.zip,BLOG_HOME-main/20_BLOG_SKATEBOARD/sv/blog/skateboard/index.html
