grupo,idioma,canonical,hreflang,href
HOME,en,https://rentalscooterbarcelona.com/,x-default,"[""https://rentalscooterbarcelona.com/""]"
HOME,en,https://rentalscooterbarcelona.com/,en,"[""https://rentalscooterbarcelona.com/""]"
HOME,en,https://rentalscooterbarcelona.com/,es,"[""https://rentalscooterbarcelona.com/es/""]"
HOME,en,https://rentalscooterbarcelona.com/,fr,"[""https://rentalscooterbarcelona.com/fr/""]"
HOME,en,https://rentalscooterbarcelona.com/,it,"[""https://rentalscooterbarcelona.com/it/""]"
HOME,en,https://rentalscooterbarcelona.com/,de,"[""https://rentalscooterbarcelona.com/de/""]"
HOME,en,https://rentalscooterbarcelona.com/,nl,"[""https://rentalscooterbarcelona.com/nl/""]"
HOME,en,https://rentalscooterbarcelona.com/,pt,"[""https://rentalscooterbarcelona.com/pt/""]"
HOME,en,https://rentalscooterbarcelona.com/,ca,"[""https://rentalscooterbarcelona.com/cat/""]"
HOME,en,https://rentalscooterbarcelona.com/,sv,"[""https://rentalscooterbarcelona.com/sv/""]"
HOME,en,https://rentalscooterbarcelona.com/,pl,"[""https://rentalscooterbarcelona.com/pl/""]"
HOME,es,https://rentalscooterbarcelona.com/es/,x-default,"[""https://rentalscooterbarcelona.com/""]"
HOME,es,https://rentalscooterbarcelona.com/es/,en,"[""https://rentalscooterbarcelona.com/""]"
HOME,es,https://rentalscooterbarcelona.com/es/,es,"[""https://rentalscooterbarcelona.com/es/""]"
HOME,es,https://rentalscooterbarcelona.com/es/,fr,"[""https://rentalscooterbarcelona.com/fr/""]"
HOME,es,https://rentalscooterbarcelona.com/es/,it,"[""https://rentalscooterbarcelona.com/it/""]"
HOME,es,https://rentalscooterbarcelona.com/es/,de,"[""https://rentalscooterbarcelona.com/de/""]"
HOME,es,https://rentalscooterbarcelona.com/es/,nl,"[""https://rentalscooterbarcelona.com/nl/""]"
HOME,es,https://rentalscooterbarcelona.com/es/,pt,"[""https://rentalscooterbarcelona.com/pt/""]"
HOME,es,https://rentalscooterbarcelona.com/es/,ca,"[""https://rentalscooterbarcelona.com/cat/""]"
HOME,es,https://rentalscooterbarcelona.com/es/,sv,"[""https://rentalscooterbarcelona.com/sv/""]"
HOME,es,https://rentalscooterbarcelona.com/es/,pl,"[""https://rentalscooterbarcelona.com/pl/""]"
HOME,fr,https://rentalscooterbarcelona.com/fr/,x-default,"[""https://rentalscooterbarcelona.com/""]"
HOME,fr,https://rentalscooterbarcelona.com/fr/,en,"[""https://rentalscooterbarcelona.com/""]"
HOME,fr,https://rentalscooterbarcelona.com/fr/,es,"[""https://rentalscooterbarcelona.com/es/""]"
HOME,fr,https://rentalscooterbarcelona.com/fr/,fr,"[""https://rentalscooterbarcelona.com/fr/""]"
HOME,fr,https://rentalscooterbarcelona.com/fr/,it,"[""https://rentalscooterbarcelona.com/it/""]"
HOME,fr,https://rentalscooterbarcelona.com/fr/,de,"[""https://rentalscooterbarcelona.com/de/""]"
HOME,fr,https://rentalscooterbarcelona.com/fr/,nl,"[""https://rentalscooterbarcelona.com/nl/""]"
HOME,fr,https://rentalscooterbarcelona.com/fr/,pt,"[""https://rentalscooterbarcelona.com/pt/""]"
HOME,fr,https://rentalscooterbarcelona.com/fr/,ca,"[""https://rentalscooterbarcelona.com/cat/""]"
HOME,fr,https://rentalscooterbarcelona.com/fr/,sv,"[""https://rentalscooterbarcelona.com/sv/""]"
HOME,fr,https://rentalscooterbarcelona.com/fr/,pl,"[""https://rentalscooterbarcelona.com/pl/""]"
HOME,it,https://rentalscooterbarcelona.com/it/,x-default,"[""https://rentalscooterbarcelona.com/""]"
HOME,it,https://rentalscooterbarcelona.com/it/,en,"[""https://rentalscooterbarcelona.com/""]"
HOME,it,https://rentalscooterbarcelona.com/it/,es,"[""https://rentalscooterbarcelona.com/es/""]"
HOME,it,https://rentalscooterbarcelona.com/it/,fr,"[""https://rentalscooterbarcelona.com/fr/""]"
HOME,it,https://rentalscooterbarcelona.com/it/,it,"[""https://rentalscooterbarcelona.com/it/""]"
HOME,it,https://rentalscooterbarcelona.com/it/,de,"[""https://rentalscooterbarcelona.com/de/""]"
HOME,it,https://rentalscooterbarcelona.com/it/,nl,"[""https://rentalscooterbarcelona.com/nl/""]"
HOME,it,https://rentalscooterbarcelona.com/it/,pt,"[""https://rentalscooterbarcelona.com/pt/""]"
HOME,it,https://rentalscooterbarcelona.com/it/,ca,"[""https://rentalscooterbarcelona.com/cat/""]"
HOME,it,https://rentalscooterbarcelona.com/it/,sv,"[""https://rentalscooterbarcelona.com/sv/""]"
HOME,it,https://rentalscooterbarcelona.com/it/,pl,"[""https://rentalscooterbarcelona.com/pl/""]"
HOME,de,https://rentalscooterbarcelona.com/de/,x-default,"[""https://rentalscooterbarcelona.com/""]"
HOME,de,https://rentalscooterbarcelona.com/de/,en,"[""https://rentalscooterbarcelona.com/""]"
HOME,de,https://rentalscooterbarcelona.com/de/,es,"[""https://rentalscooterbarcelona.com/es/""]"
HOME,de,https://rentalscooterbarcelona.com/de/,fr,"[""https://rentalscooterbarcelona.com/fr/""]"
HOME,de,https://rentalscooterbarcelona.com/de/,it,"[""https://rentalscooterbarcelona.com/it/""]"
HOME,de,https://rentalscooterbarcelona.com/de/,de,"[""https://rentalscooterbarcelona.com/de/""]"
HOME,de,https://rentalscooterbarcelona.com/de/,nl,"[""https://rentalscooterbarcelona.com/nl/""]"
HOME,de,https://rentalscooterbarcelona.com/de/,pt,"[""https://rentalscooterbarcelona.com/pt/""]"
HOME,de,https://rentalscooterbarcelona.com/de/,ca,"[""https://rentalscooterbarcelona.com/cat/""]"
HOME,de,https://rentalscooterbarcelona.com/de/,sv,"[""https://rentalscooterbarcelona.com/sv/""]"
HOME,de,https://rentalscooterbarcelona.com/de/,pl,"[""https://rentalscooterbarcelona.com/pl/""]"
HOME,nl,https://rentalscooterbarcelona.com/nl/,x-default,"[""https://rentalscooterbarcelona.com/""]"
HOME,nl,https://rentalscooterbarcelona.com/nl/,en,"[""https://rentalscooterbarcelona.com/""]"
HOME,nl,https://rentalscooterbarcelona.com/nl/,es,"[""https://rentalscooterbarcelona.com/es/""]"
HOME,nl,https://rentalscooterbarcelona.com/nl/,fr,"[""https://rentalscooterbarcelona.com/fr/""]"
HOME,nl,https://rentalscooterbarcelona.com/nl/,it,"[""https://rentalscooterbarcelona.com/it/""]"
HOME,nl,https://rentalscooterbarcelona.com/nl/,de,"[""https://rentalscooterbarcelona.com/de/""]"
HOME,nl,https://rentalscooterbarcelona.com/nl/,nl,"[""https://rentalscooterbarcelona.com/nl/""]"
HOME,nl,https://rentalscooterbarcelona.com/nl/,pt,"[""https://rentalscooterbarcelona.com/pt/""]"
HOME,nl,https://rentalscooterbarcelona.com/nl/,ca,"[""https://rentalscooterbarcelona.com/cat/""]"
HOME,nl,https://rentalscooterbarcelona.com/nl/,sv,"[""https://rentalscooterbarcelona.com/sv/""]"
HOME,nl,https://rentalscooterbarcelona.com/nl/,pl,"[""https://rentalscooterbarcelona.com/pl/""]"
HOME,pt,https://rentalscooterbarcelona.com/pt/,x-default,"[""https://rentalscooterbarcelona.com/""]"
HOME,pt,https://rentalscooterbarcelona.com/pt/,en,"[""https://rentalscooterbarcelona.com/""]"
HOME,pt,https://rentalscooterbarcelona.com/pt/,es,"[""https://rentalscooterbarcelona.com/es/""]"
HOME,pt,https://rentalscooterbarcelona.com/pt/,fr,"[""https://rentalscooterbarcelona.com/fr/""]"
HOME,pt,https://rentalscooterbarcelona.com/pt/,it,"[""https://rentalscooterbarcelona.com/it/""]"
HOME,pt,https://rentalscooterbarcelona.com/pt/,de,"[""https://rentalscooterbarcelona.com/de/""]"
HOME,pt,https://rentalscooterbarcelona.com/pt/,nl,"[""https://rentalscooterbarcelona.com/nl/""]"
HOME,pt,https://rentalscooterbarcelona.com/pt/,pt,"[""https://rentalscooterbarcelona.com/pt/""]"
HOME,pt,https://rentalscooterbarcelona.com/pt/,ca,"[""https://rentalscooterbarcelona.com/cat/""]"
HOME,pt,https://rentalscooterbarcelona.com/pt/,sv,"[""https://rentalscooterbarcelona.com/sv/""]"
HOME,pt,https://rentalscooterbarcelona.com/pt/,pl,"[""https://rentalscooterbarcelona.com/pl/""]"
HOME,ca,https://rentalscooterbarcelona.com/cat/,x-default,"[""https://rentalscooterbarcelona.com/""]"
HOME,ca,https://rentalscooterbarcelona.com/cat/,en,"[""https://rentalscooterbarcelona.com/""]"
HOME,ca,https://rentalscooterbarcelona.com/cat/,es,"[""https://rentalscooterbarcelona.com/es/""]"
HOME,ca,https://rentalscooterbarcelona.com/cat/,fr,"[""https://rentalscooterbarcelona.com/fr/""]"
HOME,ca,https://rentalscooterbarcelona.com/cat/,it,"[""https://rentalscooterbarcelona.com/it/""]"
HOME,ca,https://rentalscooterbarcelona.com/cat/,de,"[""https://rentalscooterbarcelona.com/de/""]"
HOME,ca,https://rentalscooterbarcelona.com/cat/,nl,"[""https://rentalscooterbarcelona.com/nl/""]"
HOME,ca,https://rentalscooterbarcelona.com/cat/,pt,"[""https://rentalscooterbarcelona.com/pt/""]"
HOME,ca,https://rentalscooterbarcelona.com/cat/,ca,"[""https://rentalscooterbarcelona.com/cat/""]"
HOME,ca,https://rentalscooterbarcelona.com/cat/,sv,"[""https://rentalscooterbarcelona.com/sv/""]"
HOME,ca,https://rentalscooterbarcelona.com/cat/,pl,"[""https://rentalscooterbarcelona.com/pl/""]"
HOME,sv,https://rentalscooterbarcelona.com/sv/,x-default,"[""https://rentalscooterbarcelona.com/""]"
HOME,sv,https://rentalscooterbarcelona.com/sv/,en,"[""https://rentalscooterbarcelona.com/""]"
HOME,sv,https://rentalscooterbarcelona.com/sv/,es,"[""https://rentalscooterbarcelona.com/es/""]"
HOME,sv,https://rentalscooterbarcelona.com/sv/,fr,"[""https://rentalscooterbarcelona.com/fr/""]"
HOME,sv,https://rentalscooterbarcelona.com/sv/,it,"[""https://rentalscooterbarcelona.com/it/""]"
HOME,sv,https://rentalscooterbarcelona.com/sv/,de,"[""https://rentalscooterbarcelona.com/de/""]"
HOME,sv,https://rentalscooterbarcelona.com/sv/,nl,"[""https://rentalscooterbarcelona.com/nl/""]"
HOME,sv,https://rentalscooterbarcelona.com/sv/,pt,"[""https://rentalscooterbarcelona.com/pt/""]"
HOME,sv,https://rentalscooterbarcelona.com/sv/,ca,"[""https://rentalscooterbarcelona.com/cat/""]"
HOME,sv,https://rentalscooterbarcelona.com/sv/,sv,"[""https://rentalscooterbarcelona.com/sv/""]"
HOME,sv,https://rentalscooterbarcelona.com/sv/,pl,"[""https://rentalscooterbarcelona.com/pl/""]"
HOME,pl,https://rentalscooterbarcelona.com/pl/,x-default,"[""https://rentalscooterbarcelona.com/""]"
HOME,pl,https://rentalscooterbarcelona.com/pl/,en,"[""https://rentalscooterbarcelona.com/""]"
HOME,pl,https://rentalscooterbarcelona.com/pl/,es,"[""https://rentalscooterbarcelona.com/es/""]"
HOME,pl,https://rentalscooterbarcelona.com/pl/,fr,"[""https://rentalscooterbarcelona.com/fr/""]"
HOME,pl,https://rentalscooterbarcelona.com/pl/,it,"[""https://rentalscooterbarcelona.com/it/""]"
HOME,pl,https://rentalscooterbarcelona.com/pl/,de,"[""https://rentalscooterbarcelona.com/de/""]"
HOME,pl,https://rentalscooterbarcelona.com/pl/,nl,"[""https://rentalscooterbarcelona.com/nl/""]"
HOME,pl,https://rentalscooterbarcelona.com/pl/,pt,"[""https://rentalscooterbarcelona.com/pt/""]"
HOME,pl,https://rentalscooterbarcelona.com/pl/,ca,"[""https://rentalscooterbarcelona.com/cat/""]"
HOME,pl,https://rentalscooterbarcelona.com/pl/,sv,"[""https://rentalscooterbarcelona.com/sv/""]"
HOME,pl,https://rentalscooterbarcelona.com/pl/,pl,"[""https://rentalscooterbarcelona.com/pl/""]"
PRICES,en,https://rentalscooterbarcelona.com/Prices/,x-default,"[""https://rentalscooterbarcelona.com/Prices/""]"
PRICES,en,https://rentalscooterbarcelona.com/Prices/,en,"[""https://rentalscooterbarcelona.com/Prices/""]"
PRICES,en,https://rentalscooterbarcelona.com/Prices/,es,"[""https://rentalscooterbarcelona.com/es/Prices/""]"
PRICES,en,https://rentalscooterbarcelona.com/Prices/,fr,"[""https://rentalscooterbarcelona.com/fr/Prices/""]"
PRICES,en,https://rentalscooterbarcelona.com/Prices/,it,"[""https://rentalscooterbarcelona.com/it/Prices/""]"
PRICES,en,https://rentalscooterbarcelona.com/Prices/,de,"[""https://rentalscooterbarcelona.com/de/Prices/""]"
PRICES,en,https://rentalscooterbarcelona.com/Prices/,nl,"[""https://rentalscooterbarcelona.com/nl/Prices/""]"
PRICES,en,https://rentalscooterbarcelona.com/Prices/,pt,"[""https://rentalscooterbarcelona.com/pt/Prices/""]"
PRICES,en,https://rentalscooterbarcelona.com/Prices/,ca,"[""https://rentalscooterbarcelona.com/cat/Prices/""]"
PRICES,en,https://rentalscooterbarcelona.com/Prices/,sv,"[""https://rentalscooterbarcelona.com/sv/Prices/""]"
PRICES,en,https://rentalscooterbarcelona.com/Prices/,pl,"[""https://rentalscooterbarcelona.com/pl/Prices/""]"
PRICES,es,https://rentalscooterbarcelona.com/es/Prices/,x-default,"[""https://rentalscooterbarcelona.com/Prices/""]"
PRICES,es,https://rentalscooterbarcelona.com/es/Prices/,en,"[""https://rentalscooterbarcelona.com/Prices/""]"
PRICES,es,https://rentalscooterbarcelona.com/es/Prices/,es,"[""https://rentalscooterbarcelona.com/es/Prices/""]"
PRICES,es,https://rentalscooterbarcelona.com/es/Prices/,fr,"[""https://rentalscooterbarcelona.com/fr/Prices/""]"
PRICES,es,https://rentalscooterbarcelona.com/es/Prices/,it,"[""https://rentalscooterbarcelona.com/it/Prices/""]"
PRICES,es,https://rentalscooterbarcelona.com/es/Prices/,de,"[""https://rentalscooterbarcelona.com/de/Prices/""]"
PRICES,es,https://rentalscooterbarcelona.com/es/Prices/,nl,"[""https://rentalscooterbarcelona.com/nl/Prices/""]"
PRICES,es,https://rentalscooterbarcelona.com/es/Prices/,pt,"[""https://rentalscooterbarcelona.com/pt/Prices/""]"
PRICES,es,https://rentalscooterbarcelona.com/es/Prices/,ca,"[""https://rentalscooterbarcelona.com/cat/Prices/""]"
PRICES,es,https://rentalscooterbarcelona.com/es/Prices/,sv,"[""https://rentalscooterbarcelona.com/sv/Prices/""]"
PRICES,es,https://rentalscooterbarcelona.com/es/Prices/,pl,"[""https://rentalscooterbarcelona.com/pl/Prices/""]"
PRICES,fr,https://rentalscooterbarcelona.com/fr/Prices/,x-default,"[""https://rentalscooterbarcelona.com/Prices/""]"
PRICES,fr,https://rentalscooterbarcelona.com/fr/Prices/,en,"[""https://rentalscooterbarcelona.com/Prices/""]"
PRICES,fr,https://rentalscooterbarcelona.com/fr/Prices/,es,"[""https://rentalscooterbarcelona.com/es/Prices/""]"
PRICES,fr,https://rentalscooterbarcelona.com/fr/Prices/,fr,"[""https://rentalscooterbarcelona.com/fr/Prices/""]"
PRICES,fr,https://rentalscooterbarcelona.com/fr/Prices/,it,"[""https://rentalscooterbarcelona.com/it/Prices/""]"
PRICES,fr,https://rentalscooterbarcelona.com/fr/Prices/,de,"[""https://rentalscooterbarcelona.com/de/Prices/""]"
PRICES,fr,https://rentalscooterbarcelona.com/fr/Prices/,nl,"[""https://rentalscooterbarcelona.com/nl/Prices/""]"
PRICES,fr,https://rentalscooterbarcelona.com/fr/Prices/,pt,"[""https://rentalscooterbarcelona.com/pt/Prices/""]"
PRICES,fr,https://rentalscooterbarcelona.com/fr/Prices/,ca,"[""https://rentalscooterbarcelona.com/cat/Prices/""]"
PRICES,fr,https://rentalscooterbarcelona.com/fr/Prices/,sv,"[""https://rentalscooterbarcelona.com/sv/Prices/""]"
PRICES,fr,https://rentalscooterbarcelona.com/fr/Prices/,pl,"[""https://rentalscooterbarcelona.com/pl/Prices/""]"
PRICES,it,https://rentalscooterbarcelona.com/it/Prices/,x-default,"[""https://rentalscooterbarcelona.com/Prices/""]"
PRICES,it,https://rentalscooterbarcelona.com/it/Prices/,en,"[""https://rentalscooterbarcelona.com/Prices/""]"
PRICES,it,https://rentalscooterbarcelona.com/it/Prices/,es,"[""https://rentalscooterbarcelona.com/es/Prices/""]"
PRICES,it,https://rentalscooterbarcelona.com/it/Prices/,fr,"[""https://rentalscooterbarcelona.com/fr/Prices/""]"
PRICES,it,https://rentalscooterbarcelona.com/it/Prices/,it,"[""https://rentalscooterbarcelona.com/it/Prices/""]"
PRICES,it,https://rentalscooterbarcelona.com/it/Prices/,de,"[""https://rentalscooterbarcelona.com/de/Prices/""]"
PRICES,it,https://rentalscooterbarcelona.com/it/Prices/,nl,"[""https://rentalscooterbarcelona.com/nl/Prices/""]"
PRICES,it,https://rentalscooterbarcelona.com/it/Prices/,pt,"[""https://rentalscooterbarcelona.com/pt/Prices/""]"
PRICES,it,https://rentalscooterbarcelona.com/it/Prices/,ca,"[""https://rentalscooterbarcelona.com/cat/Prices/""]"
PRICES,it,https://rentalscooterbarcelona.com/it/Prices/,sv,"[""https://rentalscooterbarcelona.com/sv/Prices/""]"
PRICES,it,https://rentalscooterbarcelona.com/it/Prices/,pl,"[""https://rentalscooterbarcelona.com/pl/Prices/""]"
PRICES,de,https://rentalscooterbarcelona.com/de/Prices/,x-default,"[""https://rentalscooterbarcelona.com/Prices/""]"
PRICES,de,https://rentalscooterbarcelona.com/de/Prices/,en,"[""https://rentalscooterbarcelona.com/Prices/""]"
PRICES,de,https://rentalscooterbarcelona.com/de/Prices/,es,"[""https://rentalscooterbarcelona.com/es/Prices/""]"
PRICES,de,https://rentalscooterbarcelona.com/de/Prices/,fr,"[""https://rentalscooterbarcelona.com/fr/Prices/""]"
PRICES,de,https://rentalscooterbarcelona.com/de/Prices/,it,"[""https://rentalscooterbarcelona.com/it/Prices/""]"
PRICES,de,https://rentalscooterbarcelona.com/de/Prices/,de,"[""https://rentalscooterbarcelona.com/de/Prices/""]"
PRICES,de,https://rentalscooterbarcelona.com/de/Prices/,nl,"[""https://rentalscooterbarcelona.com/nl/Prices/""]"
PRICES,de,https://rentalscooterbarcelona.com/de/Prices/,pt,"[""https://rentalscooterbarcelona.com/pt/Prices/""]"
PRICES,de,https://rentalscooterbarcelona.com/de/Prices/,ca,"[""https://rentalscooterbarcelona.com/cat/Prices/""]"
PRICES,de,https://rentalscooterbarcelona.com/de/Prices/,sv,"[""https://rentalscooterbarcelona.com/sv/Prices/""]"
PRICES,de,https://rentalscooterbarcelona.com/de/Prices/,pl,"[""https://rentalscooterbarcelona.com/pl/Prices/""]"
PRICES,nl,https://rentalscooterbarcelona.com/nl/Prices/,x-default,"[""https://rentalscooterbarcelona.com/Prices/""]"
PRICES,nl,https://rentalscooterbarcelona.com/nl/Prices/,en,"[""https://rentalscooterbarcelona.com/Prices/""]"
PRICES,nl,https://rentalscooterbarcelona.com/nl/Prices/,es,"[""https://rentalscooterbarcelona.com/es/Prices/""]"
PRICES,nl,https://rentalscooterbarcelona.com/nl/Prices/,fr,"[""https://rentalscooterbarcelona.com/fr/Prices/""]"
PRICES,nl,https://rentalscooterbarcelona.com/nl/Prices/,it,"[""https://rentalscooterbarcelona.com/it/Prices/""]"
PRICES,nl,https://rentalscooterbarcelona.com/nl/Prices/,de,"[""https://rentalscooterbarcelona.com/de/Prices/""]"
PRICES,nl,https://rentalscooterbarcelona.com/nl/Prices/,nl,"[""https://rentalscooterbarcelona.com/nl/Prices/""]"
PRICES,nl,https://rentalscooterbarcelona.com/nl/Prices/,pt,"[""https://rentalscooterbarcelona.com/pt/Prices/""]"
PRICES,nl,https://rentalscooterbarcelona.com/nl/Prices/,ca,"[""https://rentalscooterbarcelona.com/cat/Prices/""]"
PRICES,nl,https://rentalscooterbarcelona.com/nl/Prices/,sv,"[""https://rentalscooterbarcelona.com/sv/Prices/""]"
PRICES,nl,https://rentalscooterbarcelona.com/nl/Prices/,pl,"[""https://rentalscooterbarcelona.com/pl/Prices/""]"
PRICES,pt,https://rentalscooterbarcelona.com/pt/Prices/,x-default,"[""https://rentalscooterbarcelona.com/Prices/""]"
PRICES,pt,https://rentalscooterbarcelona.com/pt/Prices/,en,"[""https://rentalscooterbarcelona.com/Prices/""]"
PRICES,pt,https://rentalscooterbarcelona.com/pt/Prices/,es,"[""https://rentalscooterbarcelona.com/es/Prices/""]"
PRICES,pt,https://rentalscooterbarcelona.com/pt/Prices/,fr,"[""https://rentalscooterbarcelona.com/fr/Prices/""]"
PRICES,pt,https://rentalscooterbarcelona.com/pt/Prices/,it,"[""https://rentalscooterbarcelona.com/it/Prices/""]"
PRICES,pt,https://rentalscooterbarcelona.com/pt/Prices/,de,"[""https://rentalscooterbarcelona.com/de/Prices/""]"
PRICES,pt,https://rentalscooterbarcelona.com/pt/Prices/,nl,"[""https://rentalscooterbarcelona.com/nl/Prices/""]"
PRICES,pt,https://rentalscooterbarcelona.com/pt/Prices/,pt,"[""https://rentalscooterbarcelona.com/pt/Prices/""]"
PRICES,pt,https://rentalscooterbarcelona.com/pt/Prices/,ca,"[""https://rentalscooterbarcelona.com/cat/Prices/""]"
PRICES,pt,https://rentalscooterbarcelona.com/pt/Prices/,sv,"[""https://rentalscooterbarcelona.com/sv/Prices/""]"
PRICES,pt,https://rentalscooterbarcelona.com/pt/Prices/,pl,"[""https://rentalscooterbarcelona.com/pl/Prices/""]"
PRICES,ca,https://rentalscooterbarcelona.com/cat/Prices/,x-default,"[""https://rentalscooterbarcelona.com/Prices/""]"
PRICES,ca,https://rentalscooterbarcelona.com/cat/Prices/,en,"[""https://rentalscooterbarcelona.com/Prices/""]"
PRICES,ca,https://rentalscooterbarcelona.com/cat/Prices/,es,"[""https://rentalscooterbarcelona.com/es/Prices/""]"
PRICES,ca,https://rentalscooterbarcelona.com/cat/Prices/,fr,"[""https://rentalscooterbarcelona.com/fr/Prices/""]"
PRICES,ca,https://rentalscooterbarcelona.com/cat/Prices/,it,"[""https://rentalscooterbarcelona.com/it/Prices/""]"
PRICES,ca,https://rentalscooterbarcelona.com/cat/Prices/,de,"[""https://rentalscooterbarcelona.com/de/Prices/""]"
PRICES,ca,https://rentalscooterbarcelona.com/cat/Prices/,nl,"[""https://rentalscooterbarcelona.com/nl/Prices/""]"
PRICES,ca,https://rentalscooterbarcelona.com/cat/Prices/,pt,"[""https://rentalscooterbarcelona.com/pt/Prices/""]"
PRICES,ca,https://rentalscooterbarcelona.com/cat/Prices/,ca,"[""https://rentalscooterbarcelona.com/cat/Prices/""]"
PRICES,ca,https://rentalscooterbarcelona.com/cat/Prices/,sv,"[""https://rentalscooterbarcelona.com/sv/Prices/""]"
PRICES,ca,https://rentalscooterbarcelona.com/cat/Prices/,pl,"[""https://rentalscooterbarcelona.com/pl/Prices/""]"
PRICES,sv,https://rentalscooterbarcelona.com/sv/Prices/,x-default,"[""https://rentalscooterbarcelona.com/Prices/""]"
PRICES,sv,https://rentalscooterbarcelona.com/sv/Prices/,en,"[""https://rentalscooterbarcelona.com/Prices/""]"
PRICES,sv,https://rentalscooterbarcelona.com/sv/Prices/,es,"[""https://rentalscooterbarcelona.com/es/Prices/""]"
PRICES,sv,https://rentalscooterbarcelona.com/sv/Prices/,fr,"[""https://rentalscooterbarcelona.com/fr/Prices/""]"
PRICES,sv,https://rentalscooterbarcelona.com/sv/Prices/,it,"[""https://rentalscooterbarcelona.com/it/Prices/""]"
PRICES,sv,https://rentalscooterbarcelona.com/sv/Prices/,de,"[""https://rentalscooterbarcelona.com/de/Prices/""]"
PRICES,sv,https://rentalscooterbarcelona.com/sv/Prices/,nl,"[""https://rentalscooterbarcelona.com/nl/Prices/""]"
PRICES,sv,https://rentalscooterbarcelona.com/sv/Prices/,pt,"[""https://rentalscooterbarcelona.com/pt/Prices/""]"
PRICES,sv,https://rentalscooterbarcelona.com/sv/Prices/,ca,"[""https://rentalscooterbarcelona.com/cat/Prices/""]"
PRICES,sv,https://rentalscooterbarcelona.com/sv/Prices/,sv,"[""https://rentalscooterbarcelona.com/sv/Prices/""]"
PRICES,sv,https://rentalscooterbarcelona.com/sv/Prices/,pl,"[""https://rentalscooterbarcelona.com/pl/Prices/""]"
PRICES,pl,https://rentalscooterbarcelona.com/pl/Prices/,x-default,"[""https://rentalscooterbarcelona.com/Prices/""]"
PRICES,pl,https://rentalscooterbarcelona.com/pl/Prices/,en,"[""https://rentalscooterbarcelona.com/Prices/""]"
PRICES,pl,https://rentalscooterbarcelona.com/pl/Prices/,es,"[""https://rentalscooterbarcelona.com/es/Prices/""]"
PRICES,pl,https://rentalscooterbarcelona.com/pl/Prices/,fr,"[""https://rentalscooterbarcelona.com/fr/Prices/""]"
PRICES,pl,https://rentalscooterbarcelona.com/pl/Prices/,it,"[""https://rentalscooterbarcelona.com/it/Prices/""]"
PRICES,pl,https://rentalscooterbarcelona.com/pl/Prices/,de,"[""https://rentalscooterbarcelona.com/de/Prices/""]"
PRICES,pl,https://rentalscooterbarcelona.com/pl/Prices/,nl,"[""https://rentalscooterbarcelona.com/nl/Prices/""]"
PRICES,pl,https://rentalscooterbarcelona.com/pl/Prices/,pt,"[""https://rentalscooterbarcelona.com/pt/Prices/""]"
PRICES,pl,https://rentalscooterbarcelona.com/pl/Prices/,ca,"[""https://rentalscooterbarcelona.com/cat/Prices/""]"
PRICES,pl,https://rentalscooterbarcelona.com/pl/Prices/,sv,"[""https://rentalscooterbarcelona.com/sv/Prices/""]"
PRICES,pl,https://rentalscooterbarcelona.com/pl/Prices/,pl,"[""https://rentalscooterbarcelona.com/pl/Prices/""]"
SCOOTER,en,https://rentalscooterbarcelona.com/scooter/,x-default,"[""https://rentalscooterbarcelona.com/scooter/""]"
SCOOTER,en,https://rentalscooterbarcelona.com/scooter/,en,"[""https://rentalscooterbarcelona.com/scooter/""]"
SCOOTER,en,https://rentalscooterbarcelona.com/scooter/,es,"[""https://rentalscooterbarcelona.com/es/scooter/""]"
SCOOTER,en,https://rentalscooterbarcelona.com/scooter/,fr,"[""https://rentalscooterbarcelona.com/fr/scooter/""]"
SCOOTER,en,https://rentalscooterbarcelona.com/scooter/,it,"[""https://rentalscooterbarcelona.com/it/scooter/""]"
SCOOTER,en,https://rentalscooterbarcelona.com/scooter/,de,"[""https://rentalscooterbarcelona.com/de/scooter/""]"
SCOOTER,en,https://rentalscooterbarcelona.com/scooter/,nl,"[""https://rentalscooterbarcelona.com/nl/scooter/""]"
SCOOTER,en,https://rentalscooterbarcelona.com/scooter/,pt,"[""https://rentalscooterbarcelona.com/pt/scooter/""]"
SCOOTER,en,https://rentalscooterbarcelona.com/scooter/,ca,"[""https://rentalscooterbarcelona.com/cat/scooter/""]"
SCOOTER,en,https://rentalscooterbarcelona.com/scooter/,sv,"[""https://rentalscooterbarcelona.com/sv/scooter/""]"
SCOOTER,en,https://rentalscooterbarcelona.com/scooter/,pl,"[""https://rentalscooterbarcelona.com/pl/scooter/""]"
SCOOTER,es,https://rentalscooterbarcelona.com/es/scooter/,x-default,"[""https://rentalscooterbarcelona.com/scooter/""]"
SCOOTER,es,https://rentalscooterbarcelona.com/es/scooter/,en,"[""https://rentalscooterbarcelona.com/scooter/""]"
SCOOTER,es,https://rentalscooterbarcelona.com/es/scooter/,es,"[""https://rentalscooterbarcelona.com/es/scooter/""]"
SCOOTER,es,https://rentalscooterbarcelona.com/es/scooter/,fr,"[""https://rentalscooterbarcelona.com/fr/scooter/""]"
SCOOTER,es,https://rentalscooterbarcelona.com/es/scooter/,it,"[""https://rentalscooterbarcelona.com/it/scooter/""]"
SCOOTER,es,https://rentalscooterbarcelona.com/es/scooter/,de,"[""https://rentalscooterbarcelona.com/de/scooter/""]"
SCOOTER,es,https://rentalscooterbarcelona.com/es/scooter/,nl,"[""https://rentalscooterbarcelona.com/nl/scooter/""]"
SCOOTER,es,https://rentalscooterbarcelona.com/es/scooter/,pt,"[""https://rentalscooterbarcelona.com/pt/scooter/""]"
SCOOTER,es,https://rentalscooterbarcelona.com/es/scooter/,ca,"[""https://rentalscooterbarcelona.com/cat/scooter/""]"
SCOOTER,es,https://rentalscooterbarcelona.com/es/scooter/,sv,"[""https://rentalscooterbarcelona.com/sv/scooter/""]"
SCOOTER,es,https://rentalscooterbarcelona.com/es/scooter/,pl,"[""https://rentalscooterbarcelona.com/pl/scooter/""]"
SCOOTER,fr,https://rentalscooterbarcelona.com/fr/scooter/,x-default,"[""https://rentalscooterbarcelona.com/scooter/""]"
SCOOTER,fr,https://rentalscooterbarcelona.com/fr/scooter/,en,"[""https://rentalscooterbarcelona.com/scooter/""]"
SCOOTER,fr,https://rentalscooterbarcelona.com/fr/scooter/,es,"[""https://rentalscooterbarcelona.com/es/scooter/""]"
SCOOTER,fr,https://rentalscooterbarcelona.com/fr/scooter/,fr,"[""https://rentalscooterbarcelona.com/fr/scooter/""]"
SCOOTER,fr,https://rentalscooterbarcelona.com/fr/scooter/,it,"[""https://rentalscooterbarcelona.com/it/scooter/""]"
SCOOTER,fr,https://rentalscooterbarcelona.com/fr/scooter/,de,"[""https://rentalscooterbarcelona.com/de/scooter/""]"
SCOOTER,fr,https://rentalscooterbarcelona.com/fr/scooter/,nl,"[""https://rentalscooterbarcelona.com/nl/scooter/""]"
SCOOTER,fr,https://rentalscooterbarcelona.com/fr/scooter/,pt,"[""https://rentalscooterbarcelona.com/pt/scooter/""]"
SCOOTER,fr,https://rentalscooterbarcelona.com/fr/scooter/,ca,"[""https://rentalscooterbarcelona.com/cat/scooter/""]"
SCOOTER,fr,https://rentalscooterbarcelona.com/fr/scooter/,sv,"[""https://rentalscooterbarcelona.com/sv/scooter/""]"
SCOOTER,fr,https://rentalscooterbarcelona.com/fr/scooter/,pl,"[""https://rentalscooterbarcelona.com/pl/scooter/""]"
SCOOTER,it,https://rentalscooterbarcelona.com/it/scooter/,x-default,"[""https://rentalscooterbarcelona.com/scooter/""]"
SCOOTER,it,https://rentalscooterbarcelona.com/it/scooter/,en,"[""https://rentalscooterbarcelona.com/scooter/""]"
SCOOTER,it,https://rentalscooterbarcelona.com/it/scooter/,es,"[""https://rentalscooterbarcelona.com/es/scooter/""]"
SCOOTER,it,https://rentalscooterbarcelona.com/it/scooter/,fr,"[""https://rentalscooterbarcelona.com/fr/scooter/""]"
SCOOTER,it,https://rentalscooterbarcelona.com/it/scooter/,it,"[""https://rentalscooterbarcelona.com/it/scooter/""]"
SCOOTER,it,https://rentalscooterbarcelona.com/it/scooter/,de,"[""https://rentalscooterbarcelona.com/de/scooter/""]"
SCOOTER,it,https://rentalscooterbarcelona.com/it/scooter/,nl,"[""https://rentalscooterbarcelona.com/nl/scooter/""]"
SCOOTER,it,https://rentalscooterbarcelona.com/it/scooter/,pt,"[""https://rentalscooterbarcelona.com/pt/scooter/""]"
SCOOTER,it,https://rentalscooterbarcelona.com/it/scooter/,ca,"[""https://rentalscooterbarcelona.com/cat/scooter/""]"
SCOOTER,it,https://rentalscooterbarcelona.com/it/scooter/,sv,"[""https://rentalscooterbarcelona.com/sv/scooter/""]"
SCOOTER,it,https://rentalscooterbarcelona.com/it/scooter/,pl,"[""https://rentalscooterbarcelona.com/pl/scooter/""]"
SCOOTER,de,https://rentalscooterbarcelona.com/de/scooter/,x-default,"[""https://rentalscooterbarcelona.com/scooter/""]"
SCOOTER,de,https://rentalscooterbarcelona.com/de/scooter/,en,"[""https://rentalscooterbarcelona.com/scooter/""]"
SCOOTER,de,https://rentalscooterbarcelona.com/de/scooter/,es,"[""https://rentalscooterbarcelona.com/es/scooter/""]"
SCOOTER,de,https://rentalscooterbarcelona.com/de/scooter/,fr,"[""https://rentalscooterbarcelona.com/fr/scooter/""]"
SCOOTER,de,https://rentalscooterbarcelona.com/de/scooter/,it,"[""https://rentalscooterbarcelona.com/it/scooter/""]"
SCOOTER,de,https://rentalscooterbarcelona.com/de/scooter/,de,"[""https://rentalscooterbarcelona.com/de/scooter/""]"
SCOOTER,de,https://rentalscooterbarcelona.com/de/scooter/,nl,"[""https://rentalscooterbarcelona.com/nl/scooter/""]"
SCOOTER,de,https://rentalscooterbarcelona.com/de/scooter/,pt,"[""https://rentalscooterbarcelona.com/pt/scooter/""]"
SCOOTER,de,https://rentalscooterbarcelona.com/de/scooter/,ca,"[""https://rentalscooterbarcelona.com/cat/scooter/""]"
SCOOTER,de,https://rentalscooterbarcelona.com/de/scooter/,sv,"[""https://rentalscooterbarcelona.com/sv/scooter/""]"
SCOOTER,de,https://rentalscooterbarcelona.com/de/scooter/,pl,"[""https://rentalscooterbarcelona.com/pl/scooter/""]"
SCOOTER,nl,https://rentalscooterbarcelona.com/nl/scooter/,x-default,"[""https://rentalscooterbarcelona.com/scooter/""]"
SCOOTER,nl,https://rentalscooterbarcelona.com/nl/scooter/,en,"[""https://rentalscooterbarcelona.com/scooter/""]"
SCOOTER,nl,https://rentalscooterbarcelona.com/nl/scooter/,es,"[""https://rentalscooterbarcelona.com/es/scooter/""]"
SCOOTER,nl,https://rentalscooterbarcelona.com/nl/scooter/,fr,"[""https://rentalscooterbarcelona.com/fr/scooter/""]"
SCOOTER,nl,https://rentalscooterbarcelona.com/nl/scooter/,it,"[""https://rentalscooterbarcelona.com/it/scooter/""]"
SCOOTER,nl,https://rentalscooterbarcelona.com/nl/scooter/,de,"[""https://rentalscooterbarcelona.com/de/scooter/""]"
SCOOTER,nl,https://rentalscooterbarcelona.com/nl/scooter/,nl,"[""https://rentalscooterbarcelona.com/nl/scooter/""]"
SCOOTER,nl,https://rentalscooterbarcelona.com/nl/scooter/,pt,"[""https://rentalscooterbarcelona.com/pt/scooter/""]"
SCOOTER,nl,https://rentalscooterbarcelona.com/nl/scooter/,ca,"[""https://rentalscooterbarcelona.com/cat/scooter/""]"
SCOOTER,nl,https://rentalscooterbarcelona.com/nl/scooter/,sv,"[""https://rentalscooterbarcelona.com/sv/scooter/""]"
SCOOTER,nl,https://rentalscooterbarcelona.com/nl/scooter/,pl,"[""https://rentalscooterbarcelona.com/pl/scooter/""]"
SCOOTER,pt,https://rentalscooterbarcelona.com/pt/scooter/,x-default,"[""https://rentalscooterbarcelona.com/scooter/""]"
SCOOTER,pt,https://rentalscooterbarcelona.com/pt/scooter/,en,"[""https://rentalscooterbarcelona.com/scooter/""]"
SCOOTER,pt,https://rentalscooterbarcelona.com/pt/scooter/,es,"[""https://rentalscooterbarcelona.com/es/scooter/""]"
SCOOTER,pt,https://rentalscooterbarcelona.com/pt/scooter/,fr,"[""https://rentalscooterbarcelona.com/fr/scooter/""]"
SCOOTER,pt,https://rentalscooterbarcelona.com/pt/scooter/,it,"[""https://rentalscooterbarcelona.com/it/scooter/""]"
SCOOTER,pt,https://rentalscooterbarcelona.com/pt/scooter/,de,"[""https://rentalscooterbarcelona.com/de/scooter/""]"
SCOOTER,pt,https://rentalscooterbarcelona.com/pt/scooter/,nl,"[""https://rentalscooterbarcelona.com/nl/scooter/""]"
SCOOTER,pt,https://rentalscooterbarcelona.com/pt/scooter/,pt,"[""https://rentalscooterbarcelona.com/pt/scooter/""]"
SCOOTER,pt,https://rentalscooterbarcelona.com/pt/scooter/,ca,"[""https://rentalscooterbarcelona.com/cat/scooter/""]"
SCOOTER,pt,https://rentalscooterbarcelona.com/pt/scooter/,sv,"[""https://rentalscooterbarcelona.com/sv/scooter/""]"
SCOOTER,pt,https://rentalscooterbarcelona.com/pt/scooter/,pl,"[""https://rentalscooterbarcelona.com/pl/scooter/""]"
SCOOTER,ca,https://rentalscooterbarcelona.com/cat/scooter/,x-default,"[""https://rentalscooterbarcelona.com/scooter/""]"
SCOOTER,ca,https://rentalscooterbarcelona.com/cat/scooter/,en,"[""https://rentalscooterbarcelona.com/scooter/""]"
SCOOTER,ca,https://rentalscooterbarcelona.com/cat/scooter/,es,"[""https://rentalscooterbarcelona.com/es/scooter/""]"
SCOOTER,ca,https://rentalscooterbarcelona.com/cat/scooter/,fr,"[""https://rentalscooterbarcelona.com/fr/scooter/""]"
SCOOTER,ca,https://rentalscooterbarcelona.com/cat/scooter/,it,"[""https://rentalscooterbarcelona.com/it/scooter/""]"
SCOOTER,ca,https://rentalscooterbarcelona.com/cat/scooter/,de,"[""https://rentalscooterbarcelona.com/de/scooter/""]"
SCOOTER,ca,https://rentalscooterbarcelona.com/cat/scooter/,nl,"[""https://rentalscooterbarcelona.com/nl/scooter/""]"
SCOOTER,ca,https://rentalscooterbarcelona.com/cat/scooter/,pt,"[""https://rentalscooterbarcelona.com/pt/scooter/""]"
SCOOTER,ca,https://rentalscooterbarcelona.com/cat/scooter/,ca,"[""https://rentalscooterbarcelona.com/cat/scooter/""]"
SCOOTER,ca,https://rentalscooterbarcelona.com/cat/scooter/,sv,"[""https://rentalscooterbarcelona.com/sv/scooter/""]"
SCOOTER,ca,https://rentalscooterbarcelona.com/cat/scooter/,pl,"[""https://rentalscooterbarcelona.com/pl/scooter/""]"
SCOOTER,sv,https://rentalscooterbarcelona.com/sv/scooter/,x-default,"[""https://rentalscooterbarcelona.com/scooter/""]"
SCOOTER,sv,https://rentalscooterbarcelona.com/sv/scooter/,en,"[""https://rentalscooterbarcelona.com/scooter/""]"
SCOOTER,sv,https://rentalscooterbarcelona.com/sv/scooter/,es,"[""https://rentalscooterbarcelona.com/es/scooter/""]"
SCOOTER,sv,https://rentalscooterbarcelona.com/sv/scooter/,fr,"[""https://rentalscooterbarcelona.com/fr/scooter/""]"
SCOOTER,sv,https://rentalscooterbarcelona.com/sv/scooter/,it,"[""https://rentalscooterbarcelona.com/it/scooter/""]"
SCOOTER,sv,https://rentalscooterbarcelona.com/sv/scooter/,de,"[""https://rentalscooterbarcelona.com/de/scooter/""]"
SCOOTER,sv,https://rentalscooterbarcelona.com/sv/scooter/,nl,"[""https://rentalscooterbarcelona.com/nl/scooter/""]"
SCOOTER,sv,https://rentalscooterbarcelona.com/sv/scooter/,pt,"[""https://rentalscooterbarcelona.com/pt/scooter/""]"
SCOOTER,sv,https://rentalscooterbarcelona.com/sv/scooter/,ca,"[""https://rentalscooterbarcelona.com/cat/scooter/""]"
SCOOTER,sv,https://rentalscooterbarcelona.com/sv/scooter/,sv,"[""https://rentalscooterbarcelona.com/sv/scooter/""]"
SCOOTER,sv,https://rentalscooterbarcelona.com/sv/scooter/,pl,"[""https://rentalscooterbarcelona.com/pl/scooter/""]"
SCOOTER,pl,https://rentalscooterbarcelona.com/pl/scooter/,x-default,"[""https://rentalscooterbarcelona.com/scooter/""]"
SCOOTER,pl,https://rentalscooterbarcelona.com/pl/scooter/,en,"[""https://rentalscooterbarcelona.com/scooter/""]"
SCOOTER,pl,https://rentalscooterbarcelona.com/pl/scooter/,es,"[""https://rentalscooterbarcelona.com/es/scooter/""]"
SCOOTER,pl,https://rentalscooterbarcelona.com/pl/scooter/,fr,"[""https://rentalscooterbarcelona.com/fr/scooter/""]"
SCOOTER,pl,https://rentalscooterbarcelona.com/pl/scooter/,it,"[""https://rentalscooterbarcelona.com/it/scooter/""]"
SCOOTER,pl,https://rentalscooterbarcelona.com/pl/scooter/,de,"[""https://rentalscooterbarcelona.com/de/scooter/""]"
SCOOTER,pl,https://rentalscooterbarcelona.com/pl/scooter/,nl,"[""https://rentalscooterbarcelona.com/nl/scooter/""]"
SCOOTER,pl,https://rentalscooterbarcelona.com/pl/scooter/,pt,"[""https://rentalscooterbarcelona.com/pt/scooter/""]"
SCOOTER,pl,https://rentalscooterbarcelona.com/pl/scooter/,ca,"[""https://rentalscooterbarcelona.com/cat/scooter/""]"
SCOOTER,pl,https://rentalscooterbarcelona.com/pl/scooter/,sv,"[""https://rentalscooterbarcelona.com/sv/scooter/""]"
SCOOTER,pl,https://rentalscooterbarcelona.com/pl/scooter/,pl,"[""https://rentalscooterbarcelona.com/pl/scooter/""]"
ROLLERBLADES,en,https://rentalscooterbarcelona.com/rollerblades/,x-default,"[""https://rentalscooterbarcelona.com/rollerblades/""]"
ROLLERBLADES,en,https://rentalscooterbarcelona.com/rollerblades/,en,"[""https://rentalscooterbarcelona.com/rollerblades/""]"
ROLLERBLADES,en,https://rentalscooterbarcelona.com/rollerblades/,es,"[""https://rentalscooterbarcelona.com/es/rollerblades/""]"
ROLLERBLADES,en,https://rentalscooterbarcelona.com/rollerblades/,fr,"[""https://rentalscooterbarcelona.com/fr/rollerblades/""]"
ROLLERBLADES,en,https://rentalscooterbarcelona.com/rollerblades/,it,"[""https://rentalscooterbarcelona.com/it/rollerblades/""]"
ROLLERBLADES,en,https://rentalscooterbarcelona.com/rollerblades/,de,"[""https://rentalscooterbarcelona.com/de/rollerblades/""]"
ROLLERBLADES,en,https://rentalscooterbarcelona.com/rollerblades/,nl,"[""https://rentalscooterbarcelona.com/nl/rollerblades/""]"
ROLLERBLADES,en,https://rentalscooterbarcelona.com/rollerblades/,pt,"[""https://rentalscooterbarcelona.com/pt/rollerblades/""]"
ROLLERBLADES,en,https://rentalscooterbarcelona.com/rollerblades/,ca,"[""https://rentalscooterbarcelona.com/cat/rollerblades/""]"
ROLLERBLADES,en,https://rentalscooterbarcelona.com/rollerblades/,sv,"[""https://rentalscooterbarcelona.com/sv/rollerblades/""]"
ROLLERBLADES,en,https://rentalscooterbarcelona.com/rollerblades/,pl,"[""https://rentalscooterbarcelona.com/pl/rollerblades/""]"
ROLLERBLADES,es,https://rentalscooterbarcelona.com/es/rollerblades/,x-default,"[""https://rentalscooterbarcelona.com/rollerblades/""]"
ROLLERBLADES,es,https://rentalscooterbarcelona.com/es/rollerblades/,en,"[""https://rentalscooterbarcelona.com/rollerblades/""]"
ROLLERBLADES,es,https://rentalscooterbarcelona.com/es/rollerblades/,es,"[""https://rentalscooterbarcelona.com/es/rollerblades/""]"
ROLLERBLADES,es,https://rentalscooterbarcelona.com/es/rollerblades/,fr,"[""https://rentalscooterbarcelona.com/fr/rollerblades/""]"
ROLLERBLADES,es,https://rentalscooterbarcelona.com/es/rollerblades/,it,"[""https://rentalscooterbarcelona.com/it/rollerblades/""]"
ROLLERBLADES,es,https://rentalscooterbarcelona.com/es/rollerblades/,de,"[""https://rentalscooterbarcelona.com/de/rollerblades/""]"
ROLLERBLADES,es,https://rentalscooterbarcelona.com/es/rollerblades/,nl,"[""https://rentalscooterbarcelona.com/nl/rollerblades/""]"
ROLLERBLADES,es,https://rentalscooterbarcelona.com/es/rollerblades/,pt,"[""https://rentalscooterbarcelona.com/pt/rollerblades/""]"
ROLLERBLADES,es,https://rentalscooterbarcelona.com/es/rollerblades/,ca,"[""https://rentalscooterbarcelona.com/cat/rollerblades/""]"
ROLLERBLADES,es,https://rentalscooterbarcelona.com/es/rollerblades/,sv,"[""https://rentalscooterbarcelona.com/sv/rollerblades/""]"
ROLLERBLADES,es,https://rentalscooterbarcelona.com/es/rollerblades/,pl,"[""https://rentalscooterbarcelona.com/pl/rollerblades/""]"
ROLLERBLADES,fr,https://rentalscooterbarcelona.com/fr/rollerblades/,x-default,"[""https://rentalscooterbarcelona.com/rollerblades/""]"
ROLLERBLADES,fr,https://rentalscooterbarcelona.com/fr/rollerblades/,en,"[""https://rentalscooterbarcelona.com/rollerblades/""]"
ROLLERBLADES,fr,https://rentalscooterbarcelona.com/fr/rollerblades/,es,"[""https://rentalscooterbarcelona.com/es/rollerblades/""]"
ROLLERBLADES,fr,https://rentalscooterbarcelona.com/fr/rollerblades/,fr,"[""https://rentalscooterbarcelona.com/fr/rollerblades/""]"
ROLLERBLADES,fr,https://rentalscooterbarcelona.com/fr/rollerblades/,it,"[""https://rentalscooterbarcelona.com/it/rollerblades/""]"
ROLLERBLADES,fr,https://rentalscooterbarcelona.com/fr/rollerblades/,de,"[""https://rentalscooterbarcelona.com/de/rollerblades/""]"
ROLLERBLADES,fr,https://rentalscooterbarcelona.com/fr/rollerblades/,nl,"[""https://rentalscooterbarcelona.com/nl/rollerblades/""]"
ROLLERBLADES,fr,https://rentalscooterbarcelona.com/fr/rollerblades/,pt,"[""https://rentalscooterbarcelona.com/pt/rollerblades/""]"
ROLLERBLADES,fr,https://rentalscooterbarcelona.com/fr/rollerblades/,ca,"[""https://rentalscooterbarcelona.com/cat/rollerblades/""]"
ROLLERBLADES,fr,https://rentalscooterbarcelona.com/fr/rollerblades/,sv,"[""https://rentalscooterbarcelona.com/sv/rollerblades/""]"
ROLLERBLADES,fr,https://rentalscooterbarcelona.com/fr/rollerblades/,pl,"[""https://rentalscooterbarcelona.com/pl/rollerblades/""]"
ROLLERBLADES,it,https://rentalscooterbarcelona.com/it/rollerblades/,x-default,"[""https://rentalscooterbarcelona.com/rollerblades/""]"
ROLLERBLADES,it,https://rentalscooterbarcelona.com/it/rollerblades/,en,"[""https://rentalscooterbarcelona.com/rollerblades/""]"
ROLLERBLADES,it,https://rentalscooterbarcelona.com/it/rollerblades/,es,"[""https://rentalscooterbarcelona.com/es/rollerblades/""]"
ROLLERBLADES,it,https://rentalscooterbarcelona.com/it/rollerblades/,fr,"[""https://rentalscooterbarcelona.com/fr/rollerblades/""]"
ROLLERBLADES,it,https://rentalscooterbarcelona.com/it/rollerblades/,it,"[""https://rentalscooterbarcelona.com/it/rollerblades/""]"
ROLLERBLADES,it,https://rentalscooterbarcelona.com/it/rollerblades/,de,"[""https://rentalscooterbarcelona.com/de/rollerblades/""]"
ROLLERBLADES,it,https://rentalscooterbarcelona.com/it/rollerblades/,nl,"[""https://rentalscooterbarcelona.com/nl/rollerblades/""]"
ROLLERBLADES,it,https://rentalscooterbarcelona.com/it/rollerblades/,pt,"[""https://rentalscooterbarcelona.com/pt/rollerblades/""]"
ROLLERBLADES,it,https://rentalscooterbarcelona.com/it/rollerblades/,ca,"[""https://rentalscooterbarcelona.com/cat/rollerblades/""]"
ROLLERBLADES,it,https://rentalscooterbarcelona.com/it/rollerblades/,sv,"[""https://rentalscooterbarcelona.com/sv/rollerblades/""]"
ROLLERBLADES,it,https://rentalscooterbarcelona.com/it/rollerblades/,pl,"[""https://rentalscooterbarcelona.com/pl/rollerblades/""]"
ROLLERBLADES,de,https://rentalscooterbarcelona.com/de/rollerblades/,x-default,"[""https://rentalscooterbarcelona.com/rollerblades/""]"
ROLLERBLADES,de,https://rentalscooterbarcelona.com/de/rollerblades/,en,"[""https://rentalscooterbarcelona.com/rollerblades/""]"
ROLLERBLADES,de,https://rentalscooterbarcelona.com/de/rollerblades/,es,"[""https://rentalscooterbarcelona.com/es/rollerblades/""]"
ROLLERBLADES,de,https://rentalscooterbarcelona.com/de/rollerblades/,fr,"[""https://rentalscooterbarcelona.com/fr/rollerblades/""]"
ROLLERBLADES,de,https://rentalscooterbarcelona.com/de/rollerblades/,it,"[""https://rentalscooterbarcelona.com/it/rollerblades/""]"
ROLLERBLADES,de,https://rentalscooterbarcelona.com/de/rollerblades/,de,"[""https://rentalscooterbarcelona.com/de/rollerblades/""]"
ROLLERBLADES,de,https://rentalscooterbarcelona.com/de/rollerblades/,nl,"[""https://rentalscooterbarcelona.com/nl/rollerblades/""]"
ROLLERBLADES,de,https://rentalscooterbarcelona.com/de/rollerblades/,pt,"[""https://rentalscooterbarcelona.com/pt/rollerblades/""]"
ROLLERBLADES,de,https://rentalscooterbarcelona.com/de/rollerblades/,ca,"[""https://rentalscooterbarcelona.com/cat/rollerblades/""]"
ROLLERBLADES,de,https://rentalscooterbarcelona.com/de/rollerblades/,sv,"[""https://rentalscooterbarcelona.com/sv/rollerblades/""]"
ROLLERBLADES,de,https://rentalscooterbarcelona.com/de/rollerblades/,pl,"[""https://rentalscooterbarcelona.com/pl/rollerblades/""]"
ROLLERBLADES,nl,https://rentalscooterbarcelona.com/nl/rollerblades/,x-default,"[""https://rentalscooterbarcelona.com/rollerblades/""]"
ROLLERBLADES,nl,https://rentalscooterbarcelona.com/nl/rollerblades/,en,"[""https://rentalscooterbarcelona.com/rollerblades/""]"
ROLLERBLADES,nl,https://rentalscooterbarcelona.com/nl/rollerblades/,es,"[""https://rentalscooterbarcelona.com/es/rollerblades/""]"
ROLLERBLADES,nl,https://rentalscooterbarcelona.com/nl/rollerblades/,fr,"[""https://rentalscooterbarcelona.com/fr/rollerblades/""]"
ROLLERBLADES,nl,https://rentalscooterbarcelona.com/nl/rollerblades/,it,"[""https://rentalscooterbarcelona.com/it/rollerblades/""]"
ROLLERBLADES,nl,https://rentalscooterbarcelona.com/nl/rollerblades/,de,"[""https://rentalscooterbarcelona.com/de/rollerblades/""]"
ROLLERBLADES,nl,https://rentalscooterbarcelona.com/nl/rollerblades/,nl,"[""https://rentalscooterbarcelona.com/nl/rollerblades/""]"
ROLLERBLADES,nl,https://rentalscooterbarcelona.com/nl/rollerblades/,pt,"[""https://rentalscooterbarcelona.com/pt/rollerblades/""]"
ROLLERBLADES,nl,https://rentalscooterbarcelona.com/nl/rollerblades/,ca,"[""https://rentalscooterbarcelona.com/cat/rollerblades/""]"
ROLLERBLADES,nl,https://rentalscooterbarcelona.com/nl/rollerblades/,sv,"[""https://rentalscooterbarcelona.com/sv/rollerblades/""]"
ROLLERBLADES,nl,https://rentalscooterbarcelona.com/nl/rollerblades/,pl,"[""https://rentalscooterbarcelona.com/pl/rollerblades/""]"
ROLLERBLADES,pt,https://rentalscooterbarcelona.com/pt/rollerblades/,x-default,"[""https://rentalscooterbarcelona.com/rollerblades/""]"
ROLLERBLADES,pt,https://rentalscooterbarcelona.com/pt/rollerblades/,en,"[""https://rentalscooterbarcelona.com/rollerblades/""]"
ROLLERBLADES,pt,https://rentalscooterbarcelona.com/pt/rollerblades/,es,"[""https://rentalscooterbarcelona.com/es/rollerblades/""]"
ROLLERBLADES,pt,https://rentalscooterbarcelona.com/pt/rollerblades/,fr,"[""https://rentalscooterbarcelona.com/fr/rollerblades/""]"
ROLLERBLADES,pt,https://rentalscooterbarcelona.com/pt/rollerblades/,it,"[""https://rentalscooterbarcelona.com/it/rollerblades/""]"
ROLLERBLADES,pt,https://rentalscooterbarcelona.com/pt/rollerblades/,de,"[""https://rentalscooterbarcelona.com/de/rollerblades/""]"
ROLLERBLADES,pt,https://rentalscooterbarcelona.com/pt/rollerblades/,nl,"[""https://rentalscooterbarcelona.com/nl/rollerblades/""]"
ROLLERBLADES,pt,https://rentalscooterbarcelona.com/pt/rollerblades/,pt,"[""https://rentalscooterbarcelona.com/pt/rollerblades/""]"
ROLLERBLADES,pt,https://rentalscooterbarcelona.com/pt/rollerblades/,ca,"[""https://rentalscooterbarcelona.com/cat/rollerblades/""]"
ROLLERBLADES,pt,https://rentalscooterbarcelona.com/pt/rollerblades/,sv,"[""https://rentalscooterbarcelona.com/sv/rollerblades/""]"
ROLLERBLADES,pt,https://rentalscooterbarcelona.com/pt/rollerblades/,pl,"[""https://rentalscooterbarcelona.com/pl/rollerblades/""]"
ROLLERBLADES,ca,https://rentalscooterbarcelona.com/cat/rollerblades/,x-default,"[""https://rentalscooterbarcelona.com/rollerblades/""]"
ROLLERBLADES,ca,https://rentalscooterbarcelona.com/cat/rollerblades/,en,"[""https://rentalscooterbarcelona.com/rollerblades/""]"
ROLLERBLADES,ca,https://rentalscooterbarcelona.com/cat/rollerblades/,es,"[""https://rentalscooterbarcelona.com/es/rollerblades/""]"
ROLLERBLADES,ca,https://rentalscooterbarcelona.com/cat/rollerblades/,fr,"[""https://rentalscooterbarcelona.com/fr/rollerblades/""]"
ROLLERBLADES,ca,https://rentalscooterbarcelona.com/cat/rollerblades/,it,"[""https://rentalscooterbarcelona.com/it/rollerblades/""]"
ROLLERBLADES,ca,https://rentalscooterbarcelona.com/cat/rollerblades/,de,"[""https://rentalscooterbarcelona.com/de/rollerblades/""]"
ROLLERBLADES,ca,https://rentalscooterbarcelona.com/cat/rollerblades/,nl,"[""https://rentalscooterbarcelona.com/nl/rollerblades/""]"
ROLLERBLADES,ca,https://rentalscooterbarcelona.com/cat/rollerblades/,pt,"[""https://rentalscooterbarcelona.com/pt/rollerblades/""]"
ROLLERBLADES,ca,https://rentalscooterbarcelona.com/cat/rollerblades/,ca,"[""https://rentalscooterbarcelona.com/cat/rollerblades/""]"
ROLLERBLADES,ca,https://rentalscooterbarcelona.com/cat/rollerblades/,sv,"[""https://rentalscooterbarcelona.com/sv/rollerblades/""]"
ROLLERBLADES,ca,https://rentalscooterbarcelona.com/cat/rollerblades/,pl,"[""https://rentalscooterbarcelona.com/pl/rollerblades/""]"
ROLLERBLADES,sv,https://rentalscooterbarcelona.com/sv/rollerblades/,x-default,"[""https://rentalscooterbarcelona.com/rollerblades/""]"
ROLLERBLADES,sv,https://rentalscooterbarcelona.com/sv/rollerblades/,en,"[""https://rentalscooterbarcelona.com/rollerblades/""]"
ROLLERBLADES,sv,https://rentalscooterbarcelona.com/sv/rollerblades/,es,"[""https://rentalscooterbarcelona.com/es/rollerblades/""]"
ROLLERBLADES,sv,https://rentalscooterbarcelona.com/sv/rollerblades/,fr,"[""https://rentalscooterbarcelona.com/fr/rollerblades/""]"
ROLLERBLADES,sv,https://rentalscooterbarcelona.com/sv/rollerblades/,it,"[""https://rentalscooterbarcelona.com/it/rollerblades/""]"
ROLLERBLADES,sv,https://rentalscooterbarcelona.com/sv/rollerblades/,de,"[""https://rentalscooterbarcelona.com/de/rollerblades/""]"
ROLLERBLADES,sv,https://rentalscooterbarcelona.com/sv/rollerblades/,nl,"[""https://rentalscooterbarcelona.com/nl/rollerblades/""]"
ROLLERBLADES,sv,https://rentalscooterbarcelona.com/sv/rollerblades/,pt,"[""https://rentalscooterbarcelona.com/pt/rollerblades/""]"
ROLLERBLADES,sv,https://rentalscooterbarcelona.com/sv/rollerblades/,ca,"[""https://rentalscooterbarcelona.com/cat/rollerblades/""]"
ROLLERBLADES,sv,https://rentalscooterbarcelona.com/sv/rollerblades/,sv,"[""https://rentalscooterbarcelona.com/sv/rollerblades/""]"
ROLLERBLADES,sv,https://rentalscooterbarcelona.com/sv/rollerblades/,pl,"[""https://rentalscooterbarcelona.com/pl/rollerblades/""]"
ROLLERBLADES,pl,https://rentalscooterbarcelona.com/pl/rollerblades/,x-default,"[""https://rentalscooterbarcelona.com/rollerblades/""]"
ROLLERBLADES,pl,https://rentalscooterbarcelona.com/pl/rollerblades/,en,"[""https://rentalscooterbarcelona.com/rollerblades/""]"
ROLLERBLADES,pl,https://rentalscooterbarcelona.com/pl/rollerblades/,es,"[""https://rentalscooterbarcelona.com/es/rollerblades/""]"
ROLLERBLADES,pl,https://rentalscooterbarcelona.com/pl/rollerblades/,fr,"[""https://rentalscooterbarcelona.com/fr/rollerblades/""]"
ROLLERBLADES,pl,https://rentalscooterbarcelona.com/pl/rollerblades/,it,"[""https://rentalscooterbarcelona.com/it/rollerblades/""]"
ROLLERBLADES,pl,https://rentalscooterbarcelona.com/pl/rollerblades/,de,"[""https://rentalscooterbarcelona.com/de/rollerblades/""]"
ROLLERBLADES,pl,https://rentalscooterbarcelona.com/pl/rollerblades/,nl,"[""https://rentalscooterbarcelona.com/nl/rollerblades/""]"
ROLLERBLADES,pl,https://rentalscooterbarcelona.com/pl/rollerblades/,pt,"[""https://rentalscooterbarcelona.com/pt/rollerblades/""]"
ROLLERBLADES,pl,https://rentalscooterbarcelona.com/pl/rollerblades/,ca,"[""https://rentalscooterbarcelona.com/cat/rollerblades/""]"
ROLLERBLADES,pl,https://rentalscooterbarcelona.com/pl/rollerblades/,sv,"[""https://rentalscooterbarcelona.com/sv/rollerblades/""]"
ROLLERBLADES,pl,https://rentalscooterbarcelona.com/pl/rollerblades/,pl,"[""https://rentalscooterbarcelona.com/pl/rollerblades/""]"
